reltime,datetime,sdnn,rmssd
0.001,2024/05/28 15:34:05.2439,28.627838985862834,30.07674609624028
0.001,2024/05/28 15:34:05.2439,28.627838985862834,30.07674609624028
0.037,2024/05/28 15:34:05.2799,28.627838985862834,30.07674609624028
1.022,2024/05/28 15:34:06.2649,28.627838985862834,30.07674609624028
1.515,2024/05/28 15:34:06.7579,28.627838985862834,30.07674609624028
1.607,2024/05/28 15:34:06.8499,28.627838985862834,30.07674609624028
1.853,2024/05/28 15:34:07.0959,28.627838985862834,30.07674609624028
2.008,2024/05/28 15:34:07.2509,28.627838985862834,30.07674609624028
2.099,2024/05/28 15:34:07.3419,28.627838985862834,30.07674609624028
2.5,2024/05/28 15:34:07.7429,28.627838985862834,30.07674609624028
3.238,2024/05/28 15:34:08.4809,28.627838985862834,30.07674609624028
3.731,2024/05/28 15:34:08.9739,28.627838985862834,30.07674609624028
4.716,2024/05/28 15:34:09.9589,28.627838985862834,30.07674609624028
4.808,2024/05/28 15:34:10.0509,28.627838985862834,30.07674609624028
5.054,2024/05/28 15:34:10.2969,28.627838985862834,30.07674609624028
5.209,2024/05/28 15:34:10.4519,28.627838985862834,30.07674609624028
5.301,2024/05/28 15:34:10.5439,28.627838985862834,30.07674609624028
5.951,2024/05/28 15:34:11.1939,28.627838985862834,30.07674609624028
6.44,2024/05/28 15:34:11.6829,28.627838985862834,30.07674609624028
6.932,2024/05/28 15:34:12.1749,28.627838985862834,30.07674609624028
7.918,2024/05/28 15:34:13.1609,28.627838985862834,30.07674609624028
8.011,2024/05/28 15:34:13.2539,28.627838985862834,30.07674609624028
8.257,2024/05/28 15:34:13.4999,28.627838985862834,30.07674609624028
8.41,2024/05/28 15:34:13.6529,28.627838985862834,30.07674609624028
8.502,2024/05/28 15:34:13.7449,28.627838985862834,30.07674609624028
8.903,2024/05/28 15:34:14.1459,28.627838985862834,30.07674609624028
9.241,2024/05/28 15:34:14.4839,28.627838985862834,30.07674609624028
9.488,2024/05/28 15:34:14.7309,28.627838985862834,30.07674609624028
9.641,2024/05/28 15:34:14.8839,28.627838985862834,30.07674609624028
9.737,2024/05/28 15:34:14.9799,28.627838985862834,30.07674609624028
9.98,2024/05/28 15:34:15.2229,28.627838985862834,30.07674609624028
10.134,2024/05/28 15:34:15.3769,28.627838985862834,30.07674609624028
10.227,2024/05/28 15:34:15.4699,28.627838985862834,30.07674609624028
10.473,2024/05/28 15:34:15.7159,28.627838985862834,30.07674609624028
10.627,2024/05/28 15:34:15.8699,28.627838985862834,30.07674609624028
10.719,2024/05/28 15:34:15.9619,28.627838985862834,30.07674609624028
10.966,2024/05/28 15:34:16.2089,28.627838985862834,30.07674609624028
11.212,2024/05/28 15:34:16.4549,28.627838985862834,30.07674609624028
11.366,2024/05/28 15:34:16.6089,28.627838985862834,30.07674609624028
11.458,2024/05/28 15:34:16.7009,28.627838985862834,30.07674609624028
11.705,2024/05/28 15:34:16.9479,28.627838985862834,30.07674609624028
11.858,2024/05/28 15:34:17.1009,28.627838985862834,30.07674609624028
11.95,2024/05/28 15:34:17.1929,28.627838985862834,30.07674609624028
12.196,2024/05/28 15:34:17.4389,28.627838985862834,30.07674609624028
12.443,2024/05/28 15:34:17.6859,28.627838985862834,30.07674609624028
12.597,2024/05/28 15:34:17.8399,28.627838985862834,30.07674609624028
12.689,2024/05/28 15:34:17.9319,28.627838985862834,30.07674609624028
12.935,2024/05/28 15:34:18.1779,28.627838985862834,30.07674609624028
13.089,2024/05/28 15:34:18.3319,28.627838985862834,30.07674609624028
13.182,2024/05/28 15:34:18.4249,28.627838985862834,30.07674609624028
13.428,2024/05/28 15:34:18.6709,28.627838985862834,30.07674609624028
13.674,2024/05/28 15:34:18.9169,28.627838985862834,30.07674609624028
13.828,2024/05/28 15:34:19.0709,28.627838985862834,30.07674609624028
13.921,2024/05/28 15:34:19.1639,28.627838985862834,30.07674609624028
14.167,2024/05/28 15:34:19.4099,28.627838985862834,30.07674609624028
14.321,2024/05/28 15:34:19.5639,28.627838985862834,30.07674609624028
14.813,2024/05/28 15:34:20.0559,28.627838985862834,30.07674609624028
15.305,2024/05/28 15:34:20.5479,28.627838985862834,30.07674609624028
16.291,2024/05/28 15:34:21.5339,28.627838985862834,30.07674609624028
16.383,2024/05/28 15:34:21.6259,28.627838985862834,30.07674609624028
16.63,2024/05/28 15:34:21.8729,28.627838985862834,30.07674609624028
16.783,2024/05/28 15:34:22.0259,28.627838985862834,30.07674609624028
16.876,2024/05/28 15:34:22.1189,28.627838985862834,30.07674609624028
17.03,2024/05/28 15:34:22.2729,28.627838985862834,30.07674609624028
17.522,2024/05/28 15:34:22.7649,28.627838985862834,30.07674609624028
18.508,2024/05/28 15:34:23.7509,28.627838985862834,30.07674609624028
19.585,2024/05/28 15:34:24.8279,28.627838985862834,30.07674609624028
19.831,2024/05/28 15:34:25.0739,28.627838985862834,30.07674609624028
20.078,2024/05/28 15:34:25.3209,28.627838985862834,30.07674609624028
21.216,2024/05/28 15:34:26.4589,28.627838985862834,30.07674609624028
21.709,2024/05/28 15:34:26.9519,28.627838985862834,30.07674609624028
22.201,2024/05/28 15:34:27.4439,28.627838985862834,30.07674609624028
22.693,2024/05/28 15:34:27.9359,28.627838985862834,30.07674609624028
22.786,2024/05/28 15:34:28.0289,28.627838985862834,30.07674609624028
23.033,2024/05/28 15:34:28.2759,28.627838985862834,30.07674609624028
23.279,2024/05/28 15:34:28.5219,28.627838985862834,30.07674609624028
23.432,2024/05/28 15:34:28.6749,28.627838985862834,30.07674609624028
23.925,2024/05/28 15:34:29.1679,28.627838985862834,30.07674609624028
24.911,2024/05/28 15:34:30.1539,28.627838985862834,30.07674609624028
25.403,2024/05/28 15:34:30.6459,28.627838985862834,30.07674609624028
25.895,2024/05/28 15:34:31.1379,28.627838985862834,30.07674609624028
26.234,2024/05/28 15:34:31.4769,28.627838985862834,30.07674609624028
26.388,2024/05/28 15:34:31.6309,28.627838985862834,30.07674609624028
26.48,2024/05/28 15:34:31.7229,28.627838985862834,30.07674609624028
26.881,2024/05/28 15:34:32.1239,28.627838985862834,30.07674609624028
27.62,2024/05/28 15:34:32.8629,28.627838985862834,30.07674609624028
28.112,2024/05/28 15:34:33.3549,28.627838985862834,30.07674609624028
29.097,2024/05/28 15:34:34.3399,28.627838985862834,30.07674609624028
29.189,2024/05/28 15:34:34.4319,28.627838985862834,30.07674609624028
29.436,2024/05/28 15:34:34.6789,28.627838985862834,30.07674609624028
29.589,2024/05/28 15:34:34.8319,28.627838985862834,30.07674609624028
29.682,2024/05/28 15:34:34.9249,28.627838985862834,30.07674609624028
30.082,2024/05/28 15:34:35.3249,28.627838985862834,30.07674609624028
30.821,2024/05/28 15:34:36.0639,28.627838985862834,30.07674609624028
31.314,2024/05/28 15:34:36.5569,28.627838985862834,30.07674609624028
31.806,2024/05/28 15:34:37.0489,28.627838985862834,30.07674609624028
32.391,2024/05/28 15:34:37.6339,28.627838985862834,30.07674609624028
32.638,2024/05/28 15:34:37.8809,28.627838985862834,30.07674609624028
32.791,2024/05/28 15:34:38.0339,28.627838985862834,30.07674609624028
32.884,2024/05/28 15:34:38.1269,28.627838985862834,30.07674609624028
33.037,2024/05/28 15:34:38.2799,28.627838985862834,30.07674609624028
33.53,2024/05/28 15:34:38.7729,28.627838985862834,30.07674609624028
34.515,2024/05/28 15:34:39.7579,28.627838985862834,30.07674609624028
35.007,2024/05/28 15:34:40.2499,28.627838985862834,30.07674609624028
35.5,2024/05/28 15:34:40.7429,28.627838985862834,30.07674609624028
35.839,2024/05/28 15:34:41.0819,28.627838985862834,30.07674609624028
35.993,2024/05/28 15:34:41.2359,28.627838985862834,30.07674609624028
36.086,2024/05/28 15:34:41.3289,28.627838985862834,30.07674609624028
38.209,2024/05/28 15:34:43.4519,28.627838985862834,30.07674609624028
38.702,2024/05/28 15:34:43.9449,28.627838985862834,30.07674609624028
38.795,2024/05/28 15:34:44.0379,28.627838985862834,30.07674609624028
39.041,2024/05/28 15:34:44.2839,28.627838985862834,30.07674609624028
39.194,2024/05/28 15:34:44.4369,28.627838985862834,30.07674609624028
39.287,2024/05/28 15:34:44.5299,28.627838985862834,30.07674609624028
39.534,2024/05/28 15:34:44.7769,28.627838985862834,30.07674609624028
39.686,2024/05/28 15:34:44.9289,28.627838985862834,30.07674609624028
39.78,2024/05/28 15:34:45.0229,28.627838985862834,30.07674609624028
40.025,2024/05/28 15:34:45.2679,28.627838985862834,30.07674609624028
40.179,2024/05/28 15:34:45.4219,28.627838985862834,30.07674609624028
40.272,2024/05/28 15:34:45.5149,28.627838985862834,30.07674609624028
40.518,2024/05/28 15:34:45.7609,28.627838985862834,30.07674609624028
40.764,2024/05/28 15:34:46.0069,28.627838985862834,30.07674609624028
40.918,2024/05/28 15:34:46.1609,28.627838985862834,30.07674609624028
41.504,2024/05/28 15:34:46.7469,28.627838985862834,30.07674609624028
41.656,2024/05/28 15:34:46.8989,28.627838985862834,30.07674609624028
41.903,2024/05/28 15:34:47.1459,28.627838985862834,30.07674609624028
42.242,2024/05/28 15:34:47.4849,28.627838985862834,30.07674609624028
42.488,2024/05/28 15:34:47.7309,28.627838985862834,30.07674609624028
42.642,2024/05/28 15:34:47.8849,28.627838985862834,30.07674609624028
42.735,2024/05/28 15:34:47.9779,28.627838985862834,30.07674609624028
42.981,2024/05/28 15:34:48.2239,28.627838985862834,30.07674609624028
43.135,2024/05/28 15:34:48.3779,28.627838985862834,30.07674609624028
43.227,2024/05/28 15:34:48.4699,28.627838985862834,30.07674609624028
43.474,2024/05/28 15:34:48.7169,28.627838985862834,30.07674609624028
43.627,2024/05/28 15:34:48.8699,28.627838985862834,30.07674609624028
43.72,2024/05/28 15:34:48.9629,28.627838985862834,30.07674609624028
43.966,2024/05/28 15:34:49.2089,28.627838985862834,30.07674609624028
44.213,2024/05/28 15:34:49.4559,28.627838985862834,30.07674609624028
44.366,2024/05/28 15:34:49.6089,28.627838985862834,30.07674609624028
44.458,2024/05/28 15:34:49.7009,28.627838985862834,30.07674609624028
44.858,2024/05/28 15:34:50.1009,28.627838985862834,30.07674609624028
45.198,2024/05/28 15:34:50.4409,28.627838985862834,30.07674609624028
45.445,2024/05/28 15:34:50.6879,28.627838985862834,30.07674609624028
45.597,2024/05/28 15:34:50.8399,28.627838985862834,30.07674609624028
45.69,2024/05/28 15:34:50.9329,28.627838985862834,30.07674609624028
45.937,2024/05/28 15:34:51.1799,28.627838985862834,30.07674609624028
46.089,2024/05/28 15:34:51.3319,28.627838985862834,30.07674609624028
46.183,2024/05/28 15:34:51.4259,28.627838985862834,30.07674609624028
46.429,2024/05/28 15:34:51.6719,28.627838985862834,30.07674609624028
46.676,2024/05/28 15:34:51.9189,28.627838985862834,30.07674609624028
46.828,2024/05/28 15:34:52.0709,28.627838985862834,30.07674609624028
46.922,2024/05/28 15:34:52.1649,28.627838985862834,30.07674609624028
47.167,2024/05/28 15:34:52.4099,28.627838985862834,30.07674609624028
47.321,2024/05/28 15:34:52.5639,28.627838985862834,30.07674609624028
47.414,2024/05/28 15:34:52.6569,28.627838985862834,30.07674609624028
47.66,2024/05/28 15:34:52.9029,28.627838985862834,30.07674609624028
47.814,2024/05/28 15:34:53.0569,28.627838985862834,30.07674609624028
47.906,2024/05/28 15:34:53.1489,28.627838985862834,30.07674609624028
48.153,2024/05/28 15:34:53.3959,28.627838985862834,30.07674609624028
48.402,2024/05/28 15:34:53.6449,28.627838985862834,30.07674609624028
48.553,2024/05/28 15:34:53.7959,28.627838985862834,30.07674609624028
48.645,2024/05/28 15:34:53.8879,28.627838985862834,30.07674609624028
48.892,2024/05/28 15:34:54.1349,28.627838985862834,30.07674609624028
49.045,2024/05/28 15:34:54.2879,28.627838985862834,30.07674609624028
49.138,2024/05/28 15:34:54.3809,28.627838985862834,30.07674609624028
49.385,2024/05/28 15:34:54.6279,28.627838985862834,30.07674609624028
49.538,2024/05/28 15:34:54.7809,28.627838985862834,30.07674609624028
49.631,2024/05/28 15:34:54.8739,28.627838985862834,30.07674609624028
49.877,2024/05/28 15:34:55.1199,28.627838985862834,30.07674609624028
50.124,2024/05/28 15:34:55.3669,28.627838985862834,30.07674609624028
50.276,2024/05/28 15:34:55.5189,28.627838985862834,30.07674609624028
50.369,2024/05/28 15:34:55.6119,28.627838985862834,30.07674609624028
50.615,2024/05/28 15:34:55.8579,28.627838985862834,30.07674609624028
50.769,2024/05/28 15:34:56.0119,28.627838985862834,30.07674609624028
50.862,2024/05/28 15:34:56.1049,28.627838985862834,30.07674609624028
51.108,2024/05/28 15:34:56.3509,28.627838985862834,30.07674609624028
51.354,2024/05/28 15:34:56.5969,28.627838985862834,30.07674609624028
51.508,2024/05/28 15:34:56.7509,28.627838985862834,30.07674609624028
51.601,2024/05/28 15:34:56.8439,28.627838985862834,30.07674609624028
51.847,2024/05/28 15:34:57.0899,28.627838985862834,30.07674609624028
52.094,2024/05/28 15:34:57.3369,28.627838985862834,30.07674609624028
52.246,2024/05/28 15:34:57.4889,28.627838985862834,30.07674609624028
52.34,2024/05/28 15:34:57.5829,28.627838985862834,30.07674609624028
52.586,2024/05/28 15:34:57.8289,28.627838985862834,30.07674609624028
52.832,2024/05/28 15:34:58.0749,28.627838985862834,30.07674609624028
52.985,2024/05/28 15:34:58.2279,28.627838985862834,30.07674609624028
53.078,2024/05/28 15:34:58.3209,28.627838985862834,30.07674609624028
53.325,2024/05/28 15:34:58.5679,28.627838985862834,30.07674609624028
53.477,2024/05/28 15:34:58.7199,28.627838985862834,30.07674609624028
53.571,2024/05/28 15:34:58.8139,28.627838985862834,30.07674609624028
53.818,2024/05/28 15:34:59.0609,28.627838985862834,30.07674609624028
53.97,2024/05/28 15:34:59.2129,28.627838985862834,30.07674609624028
54.063,2024/05/28 15:34:59.3059,28.627838985862834,30.07674609624028
54.309,2024/05/28 15:34:59.5519,28.627838985862834,30.07674609624028
54.556,2024/05/28 15:34:59.7989,28.627838985862834,30.07674609624028
54.709,2024/05/28 15:34:59.9519,28.627838985862834,30.07674609624028
54.802,2024/05/28 15:35:00.0449,28.627838985862834,30.07674609624028
55.048,2024/05/28 15:35:00.2909,28.627838985862834,30.07674609624028
55.202,2024/05/28 15:35:00.4449,28.627838985862834,30.07674609624028
55.295,2024/05/28 15:35:00.5379,28.627838985862834,30.07674609624028
55.541,2024/05/28 15:35:00.7839,28.627838985862834,30.07674609624028
55.787,2024/05/28 15:35:01.0299,28.627838985862834,30.07674609624028
55.941,2024/05/28 15:35:01.1839,28.627838985862834,30.07674609624028
56.034,2024/05/28 15:35:01.2769,28.627838985862834,30.07674609624028
56.28,2024/05/28 15:35:01.5229,28.627838985862834,30.07674609624028
56.433,2024/05/28 15:35:01.6759,28.627838985862834,30.07674609624028
56.527,2024/05/28 15:35:01.7699,28.627838985862834,30.07674609624028
56.773,2024/05/28 15:35:02.0159,28.627838985862834,30.07674609624028
56.925,2024/05/28 15:35:02.1679,28.627838985862834,30.07674609624028
57.511,2024/05/28 15:35:02.7539,28.627838985862834,30.07674609624028
57.665,2024/05/28 15:35:02.9079,28.627838985862834,30.07674609624028
57.757,2024/05/28 15:35:02.9999,28.627838985862834,30.07674609624028
58.004,2024/05/28 15:35:03.2469,28.627838985862834,30.07674609624028
58.157,2024/05/28 15:35:03.3999,28.627838985862834,30.07674609624028
58.25,2024/05/28 15:35:03.4929,28.627838985862834,30.07674609624028
58.496,2024/05/28 15:35:03.7389,28.627838985862834,30.07674609624028
58.743,2024/05/28 15:35:03.9859,28.627838985862834,30.07674609624028
58.896,2024/05/28 15:35:04.1389,28.627838985862834,30.07674609624028
58.989,2024/05/28 15:35:04.2319,28.627838985862834,30.07674609624028
59.235,2024/05/28 15:35:04.4779,28.627838985862834,30.07674609624028
59.388,2024/05/28 15:35:04.6309,28.627838985862834,30.07674609624028
59.482,2024/05/28 15:35:04.7249,28.627838985862834,30.07674609624028
59.727,2024/05/28 15:35:04.9699,28.627838985862834,30.07674609624028
59.974,2024/05/28 15:35:05.2169,28.627838985862834,30.07674609624028
60.127,2024/05/28 15:35:05.3699,28.627838985862834,30.07674609624028
60.22,2024/05/28 15:35:05.4629,28.627838985862834,30.07674609624028
60.466,2024/05/28 15:35:05.7089,28.627838985862834,30.07674609624028
60.62,2024/05/28 15:35:05.8629,28.627838985862834,30.07674609624028
60.713,2024/05/28 15:35:05.9559,28.627838985862834,30.07674609624028
60.959,2024/05/28 15:35:06.2019,28.627838985862834,30.07674609624028
61.205,2024/05/28 15:35:06.4479,28.627838985862834,30.07674609624028
61.359,2024/05/28 15:35:06.6019,28.627838985862834,30.07674609624028
61.452,2024/05/28 15:35:06.6949,28.627838985862834,30.07674609624028
61.698,2024/05/28 15:35:06.9409,28.627838985862834,30.07674609624028
61.944,2024/05/28 15:35:07.1869,28.627838985862834,30.07674609624028
62.097,2024/05/28 15:35:07.3399,28.627838985862834,30.07674609624028
62.191,2024/05/28 15:35:07.4339,28.627838985862834,30.07674609624028
62.437,2024/05/28 15:35:07.6799,28.627838985862834,30.07674609624028
62.59,2024/05/28 15:35:07.8329,28.627838985862834,30.07674609624028
62.684,2024/05/28 15:35:07.9269,28.627838985862834,30.07674609624028
62.93,2024/05/28 15:35:08.1729,28.627838985862834,30.07674609624028
63.175,2024/05/28 15:35:08.4179,28.627838985862834,30.07674609624028
63.329,2024/05/28 15:35:08.5719,28.627838985862834,30.07674609624028
63.422,2024/05/28 15:35:08.6649,28.627838985862834,30.07674609624028
63.575,2024/05/28 15:35:08.8179,28.627838985862834,30.07674609624028
63.668,2024/05/28 15:35:08.9109,28.627838985862834,30.07674609624028
63.914,2024/05/28 15:35:09.1569,28.627838985862834,30.07674609624028
64.161,2024/05/28 15:35:09.4039,28.627838985862834,30.07674609624028
64.314,2024/05/28 15:35:09.5569,28.627838985862834,30.07674609624028
64.407,2024/05/28 15:35:09.6499,28.627838985862834,30.07674609624028
64.653,2024/05/28 15:35:09.8959,28.627838985862834,30.07674609624028
64.806,2024/05/28 15:35:10.0489,28.627838985862834,30.07674609624028
64.9,2024/05/28 15:35:10.1429,28.627838985862834,30.07674609624028
65.146,2024/05/28 15:35:10.3889,28.627838985862834,30.07674609624028
65.299,2024/05/28 15:35:10.5419,28.627838985862834,30.07674609624028
65.393,2024/05/28 15:35:10.6359,28.627838985862834,30.07674609624028
65.638,2024/05/28 15:35:10.8809,28.627838985862834,30.07674609624028
65.884,2024/05/28 15:35:11.1269,28.627838985862834,30.07674609624028
66.038,2024/05/28 15:35:11.2809,28.627838985862834,30.07674609624028
66.131,2024/05/28 15:35:11.3739,28.627838985862834,30.07674609624028
66.377,2024/05/28 15:35:11.6199,28.627838985862834,30.07674609624028
66.531,2024/05/28 15:35:11.7739,28.627838985862834,30.07674609624028
66.623,2024/05/28 15:35:11.8659,28.627838985862834,30.07674609624028
66.87,2024/05/28 15:35:12.1129,28.627838985862834,30.07674609624028
67.022,2024/05/28 15:35:12.2649,28.627838985862834,30.07674609624028
67.116,2024/05/28 15:35:12.3589,28.627838985862834,30.07674609624028
67.363,2024/05/28 15:35:12.6059,28.627838985862834,30.07674609624028
67.609,2024/05/28 15:35:12.8519,28.627838985862834,30.07674609624028
67.762,2024/05/28 15:35:13.0049,28.627838985862834,30.07674609624028
67.854,2024/05/28 15:35:13.0969,28.627838985862834,30.07674609624028
68.101,2024/05/28 15:35:13.3439,28.627838985862834,30.07674609624028
68.254,2024/05/28 15:35:13.4969,28.627838985862834,30.07674609624028
68.347,2024/05/28 15:35:13.5899,28.627838985862834,30.07674609624028
68.594,2024/05/28 15:35:13.8369,28.627838985862834,30.07674609624028
68.84,2024/05/28 15:35:14.0829,28.627838985862834,30.07674609624028
68.993,2024/05/28 15:35:14.2359,28.627838985862834,30.07674609624028
69.086,2024/05/28 15:35:14.3289,28.627838985862834,30.07674609624028
69.333,2024/05/28 15:35:14.5759,28.627838985862834,30.07674609624028
69.485,2024/05/28 15:35:14.7279,28.627838985862834,30.07674609624028
69.579,2024/05/28 15:35:14.8219,28.627838985862834,30.07674609624028
69.826,2024/05/28 15:35:15.0689,28.627838985862834,30.07674609624028
69.978,2024/05/28 15:35:15.2209,28.627838985862834,30.07674609624028
70.564,2024/05/28 15:35:15.8069,28.627838985862834,30.07674609624028
70.717,2024/05/28 15:35:15.9599,28.627838985862834,30.07674609624028
70.81,2024/05/28 15:35:16.0529,28.627838985862834,30.07674609624028
71.056,2024/05/28 15:35:16.2989,28.627838985862834,30.07674609624028
71.209,2024/05/28 15:35:16.4519,28.627838985862834,30.07674609624028
71.303,2024/05/28 15:35:16.5459,28.627838985862834,30.07674609624028
71.549,2024/05/28 15:35:16.7919,28.627838985862834,30.07674609624028
71.795,2024/05/28 15:35:17.0379,28.627838985862834,30.07674609624028
72.042,2024/05/28 15:35:17.2849,28.627838985862834,30.07674609624028
72.194,2024/05/28 15:35:17.4369,28.627838985862834,30.07674609624028
72.288,2024/05/28 15:35:17.5309,28.627838985862834,30.07674609624028
72.534,2024/05/28 15:35:17.7769,28.627838985862834,30.07674609624028
72.687,2024/05/28 15:35:17.9299,28.627838985862834,30.07674609624028
72.781,2024/05/28 15:35:18.0239,28.627838985862834,30.07674609624028
72.933,2024/05/28 15:35:18.1759,28.627838985862834,30.07674609624028
73.026,2024/05/28 15:35:18.2689,28.627838985862834,30.07674609624028
73.273,2024/05/28 15:35:18.5159,28.627838985862834,30.07674609624028
73.519,2024/05/28 15:35:18.7619,28.627838985862834,30.07674609624028
73.672,2024/05/28 15:35:18.9149,28.627838985862834,30.07674609624028
73.765,2024/05/28 15:35:19.0079,28.627838985862834,30.07674609624028
74.012,2024/05/28 15:35:19.2549,28.627838985862834,30.07674609624028
74.165,2024/05/28 15:35:19.4079,28.627838985862834,30.07674609624028
74.258,2024/05/28 15:35:19.5009,28.627838985862834,30.07674609624028
74.504,2024/05/28 15:35:19.7469,28.627838985862834,30.07674609624028
74.657,2024/05/28 15:35:19.8999,28.627838985862834,30.07674609624028
74.751,2024/05/28 15:35:19.9939,28.627838985862834,30.07674609624028
74.997,2024/05/28 15:35:20.2399,28.627838985862834,30.07674609624028
75.243,2024/05/28 15:35:20.4859,28.627838985862834,30.07674609624028
75.396,2024/05/28 15:35:20.6389,28.627838985862834,30.07674609624028
75.49,2024/05/28 15:35:20.7329,28.627838985862834,30.07674609624028
75.889,2024/05/28 15:35:21.1319,28.627838985862834,30.07674609624028
76.229,2024/05/28 15:35:21.4719,28.627838985862834,30.07674609624028
76.381,2024/05/28 15:35:21.6239,28.627838985862834,30.07674609624028
76.475,2024/05/28 15:35:21.7179,28.627838985862834,30.07674609624028
76.721,2024/05/28 15:35:21.9639,28.627838985862834,30.07674609624028
76.874,2024/05/28 15:35:22.1169,28.627838985862834,30.07674609624028
76.967,2024/05/28 15:35:22.2099,28.627838985862834,30.07674609624028
77.213,2024/05/28 15:35:22.4559,28.627838985862834,30.07674609624028
77.46,2024/05/28 15:35:22.7029,28.627838985862834,30.07674609624028
77.612,2024/05/28 15:35:22.8549,28.627838985862834,30.07674609624028
77.706,2024/05/28 15:35:22.9489,28.627838985862834,30.07674609624028
77.952,2024/05/28 15:35:23.1949,28.627838985862834,30.07674609624028
78.105,2024/05/28 15:35:23.3479,28.627838985862834,30.07674609624028
78.199,2024/05/28 15:35:23.4419,28.627838985862834,30.07674609624028
78.445,2024/05/28 15:35:23.6879,28.627838985862834,30.07674609624028
78.691,2024/05/28 15:35:23.9339,28.627838985862834,30.07674609624028
78.844,2024/05/28 15:35:24.0869,28.627838985862834,30.07674609624028
78.938,2024/05/28 15:35:24.1809,28.627838985862834,30.07674609624028
79.184,2024/05/28 15:35:24.4269,28.627838985862834,30.07674609624028
79.337,2024/05/28 15:35:24.5799,28.627838985862834,30.07674609624028
79.429,2024/05/28 15:35:24.6719,28.627838985862834,30.07674609624028
79.676,2024/05/28 15:35:24.9189,28.627838985862834,30.07674609624028
79.922,2024/05/28 15:35:25.1649,28.627838985862834,30.07674609624028
80.075,2024/05/28 15:35:25.3179,28.627838985862834,30.07674609624028
80.168,2024/05/28 15:35:25.4109,28.627838985862834,30.07674609624028
80.415,2024/05/28 15:35:25.6579,28.627838985862834,30.07674609624028
80.568,2024/05/28 15:35:25.8109,28.627838985862834,30.07674609624028
80.661,2024/05/28 15:35:25.9039,28.627838985862834,30.07674609624028
80.907,2024/05/28 15:35:26.1499,28.627838985862834,30.07674609624028
81.154,2024/05/28 15:35:26.3969,28.627838985862834,30.07674609624028
81.307,2024/05/28 15:35:26.5499,28.627838985862834,30.07674609624028
81.4,2024/05/28 15:35:26.6429,28.627838985862834,30.07674609624028
81.647,2024/05/28 15:35:26.8899,28.627838985862834,30.07674609624028
81.893,2024/05/28 15:35:27.1359,28.627838985862834,30.07674609624028
82.046,2024/05/28 15:35:27.2889,28.627838985862834,30.07674609624028
82.139,2024/05/28 15:35:27.3819,28.627838985862834,30.07674609624028
82.538,2024/05/28 15:35:27.7809,28.627838985862834,30.07674609624028
82.878,2024/05/28 15:35:28.1209,28.627838985862834,30.07674609624028
83.124,2024/05/28 15:35:28.3669,28.627838985862834,30.07674609624028
83.276,2024/05/28 15:35:28.5189,28.627838985862834,30.07674609624028
83.37,2024/05/28 15:35:28.6129,28.627838985862834,30.07674609624028
83.617,2024/05/28 15:35:28.8599,28.627838985862834,30.07674609624028
83.769,2024/05/28 15:35:29.0119,28.627838985862834,30.07674609624028
83.863,2024/05/28 15:35:29.1059,28.627838985862834,30.07674609624028
84.109,2024/05/28 15:35:29.3519,28.627838985862834,30.07674609624028
84.262,2024/05/28 15:35:29.5049,28.627838985862834,30.07674609624028
84.356,2024/05/28 15:35:29.5989,28.627838985862834,30.07674609624028
84.602,2024/05/28 15:35:29.8449,28.627838985862834,30.07674609624028
84.848,2024/05/28 15:35:30.0909,28.627838985862834,30.07674609624028
85.001,2024/05/28 15:35:30.2439,28.627838985862834,30.07674609624028
85.094,2024/05/28 15:35:30.3369,28.627838985862834,30.07674609624028
85.739,2024/05/28 15:35:30.9819,28.627838985862834,30.07674609624028
85.833,2024/05/28 15:35:31.0759,28.627838985862834,30.07674609624028
86.232,2024/05/28 15:35:31.4749,28.627838985862834,30.07674609624028
86.572,2024/05/28 15:35:31.8149,28.627838985862834,30.07674609624028
86.725,2024/05/28 15:35:31.9679,28.627838985862834,30.07674609624028
86.819,2024/05/28 15:35:32.0619,28.627838985862834,30.07674609624028
87.064,2024/05/28 15:35:32.3069,28.627838985862834,30.07674609624028
87.217,2024/05/28 15:35:32.4599,28.627838985862834,30.07674609624028
87.311,2024/05/28 15:35:32.5539,28.627838985862834,30.07674609624028
87.557,2024/05/28 15:35:32.7999,28.627838985862834,30.07674609624028
87.803,2024/05/28 15:35:33.0459,28.627838985862834,30.07674609624028
87.956,2024/05/28 15:35:33.1989,28.627838985862834,30.07674609624028
88.05,2024/05/28 15:35:33.2929,28.627838985862834,30.07674609624028
88.296,2024/05/28 15:35:33.5389,28.627838985862834,30.07674609624028
88.449,2024/05/28 15:35:33.6919,28.627838985862834,30.07674609624028
88.542,2024/05/28 15:35:33.7849,28.627838985862834,30.07674609624028
88.789,2024/05/28 15:35:34.0319,28.627838985862834,30.07674609624028
89.035,2024/05/28 15:35:34.2779,28.627838985862834,30.07674609624028
89.188,2024/05/28 15:35:34.4309,28.627838985862834,30.07674609624028
89.281,2024/05/28 15:35:34.5239,28.627838985862834,30.07674609624028
89.527,2024/05/28 15:35:34.7699,28.627838985862834,30.07674609624028
89.68,2024/05/28 15:35:34.9229,28.627838985862834,30.07674609624028
89.773,2024/05/28 15:35:35.0159,28.627838985862834,30.07674609624028
90.019,2024/05/28 15:35:35.2619,28.627838985862834,30.07674609624028
90.172,2024/05/28 15:35:35.4149,28.627838985862834,30.07674609624028
90.266,2024/05/28 15:35:35.5089,28.627838985862834,30.07674609624028
90.512,2024/05/28 15:35:35.7549,28.627838985862834,30.07674609624028
90.665,2024/05/28 15:35:35.9079,28.627838985862834,30.07674609624028
90.759,2024/05/28 15:35:36.0019,28.627838985862834,30.07674609624028
91.005,2024/05/28 15:35:36.2479,28.627838985862834,30.07674609624028
91.251,2024/05/28 15:35:36.4939,28.627838985862834,30.07674609624028
91.498,2024/05/28 15:35:36.7409,28.627838985862834,30.07674609624028
91.65,2024/05/28 15:35:36.8929,28.627838985862834,30.07674609624028
91.744,2024/05/28 15:35:36.9869,28.627838985862834,30.07674609624028
91.897,2024/05/28 15:35:37.1399,28.627838985862834,30.07674609624028
91.99,2024/05/28 15:35:37.2329,28.627838985862834,30.07674609624028
92.236,2024/05/28 15:35:37.4789,28.627838985862834,30.07674609624028
92.482,2024/05/28 15:35:37.7249,28.627838985862834,30.07674609624028
92.635,2024/05/28 15:35:37.8779,28.627838985862834,30.07674609624028
92.729,2024/05/28 15:35:37.9719,28.627838985862834,30.07674609624028
92.975,2024/05/28 15:35:38.2179,28.627838985862834,30.07674609624028
93.221,2024/05/28 15:35:38.4639,28.627838985862834,30.07674609624028
93.468,2024/05/28 15:35:38.7109,28.627838985862834,30.07674609624028
93.62,2024/05/28 15:35:38.8629,28.627838985862834,30.07674609624028
93.714,2024/05/28 15:35:38.9569,28.627838985862834,30.07674609624028
93.867,2024/05/28 15:35:39.1099,28.627838985862834,30.07674609624028
93.96,2024/05/28 15:35:39.2029,28.627838985862834,30.07674609624028
94.207,2024/05/28 15:35:39.4499,28.627838985862834,30.07674609624028
94.453,2024/05/28 15:35:39.6959,28.627838985862834,30.07674609624028
94.605,2024/05/28 15:35:39.8479,28.627838985862834,30.07674609624028
94.699,2024/05/28 15:35:39.9419,28.627838985862834,30.07674609624028
94.945,2024/05/28 15:35:40.1879,28.627838985862834,30.07674609624028
95.098,2024/05/28 15:35:40.3409,28.627838985862834,30.07674609624028
95.191,2024/05/28 15:35:40.4339,28.627838985862834,30.07674609624028
95.438,2024/05/28 15:35:40.6809,28.627838985862834,30.07674609624028
95.684,2024/05/28 15:35:40.9269,28.627838985862834,30.07674609624028
95.837,2024/05/28 15:35:41.0799,28.627838985862834,30.07674609624028
95.93,2024/05/28 15:35:41.1729,28.627838985862834,30.07674609624028
96.177,2024/05/28 15:35:41.4199,28.627838985862834,30.07674609624028
96.33,2024/05/28 15:35:41.5729,28.627838985862834,30.07674609624028
96.422,2024/05/28 15:35:41.6649,28.627838985862834,30.07674609624028
96.669,2024/05/28 15:35:41.9119,28.627838985862834,30.07674609624028
96.821,2024/05/28 15:35:42.0639,28.627838985862834,30.07674609624028
96.915,2024/05/28 15:35:42.1579,28.627838985862834,30.07674609624028
97.161,2024/05/28 15:35:42.4039,28.627838985862834,30.07674609624028
97.408,2024/05/28 15:35:42.6509,28.627838985862834,30.07674609624028
97.56,2024/05/28 15:35:42.8029,28.627838985862834,30.07674609624028
97.654,2024/05/28 15:35:42.8969,28.627838985862834,30.07674609624028
97.9,2024/05/28 15:35:43.1429,28.627838985862834,30.07674609624028
98.053,2024/05/28 15:35:43.2959,28.627838985862834,30.07674609624028
98.147,2024/05/28 15:35:43.3899,28.627838985862834,30.07674609624028
98.791,2024/05/28 15:35:44.0339,28.627838985862834,30.07674609624028
98.886,2024/05/28 15:35:44.1289,28.627838985862834,30.07674609624028
99.131,2024/05/28 15:35:44.3739,28.627838985862834,30.07674609624028
99.284,2024/05/28 15:35:44.5269,28.627838985862834,30.07674609624028
99.378,2024/05/28 15:35:44.6209,28.627838985862834,30.07674609624028
99.624,2024/05/28 15:35:44.8669,28.627838985862834,30.07674609624028
99.871,2024/05/28 15:35:45.1139,28.627838985862834,30.07674609624028
100.023,2024/05/28 15:35:45.2659,28.627838985862834,30.07674609624028
100.117,2024/05/28 15:35:45.3599,28.627838985862834,30.07674609624028
100.363,2024/05/28 15:35:45.6059,28.627838985862834,30.07674609624028
100.516,2024/05/28 15:35:45.7589,28.627838985862834,30.07674609624028
100.61,2024/05/28 15:35:45.8529,28.627838985862834,30.07674609624028
100.856,2024/05/28 15:35:46.0989,28.627838985862834,30.07674609624028
101.102,2024/05/28 15:35:46.3449,28.627838985862834,30.07674609624028
101.255,2024/05/28 15:35:46.4979,28.627838985862834,30.07674609624028
101.348,2024/05/28 15:35:46.5909,28.627838985862834,30.07674609624028
101.594,2024/05/28 15:35:46.8369,28.627838985862834,30.07674609624028
101.841,2024/05/28 15:35:47.0839,28.627838985862834,30.07674609624028
101.993,2024/05/28 15:35:47.2359,28.627838985862834,30.07674609624028
102.087,2024/05/28 15:35:47.3299,28.627838985862834,30.07674609624028
102.24,2024/05/28 15:35:47.4829,28.627838985862834,30.07674609624028
102.333,2024/05/28 15:35:47.5759,28.627838985862834,30.07674609624028
102.58,2024/05/28 15:35:47.8229,28.627838985862834,30.07674609624028
102.826,2024/05/28 15:35:48.0689,28.627838985862834,30.07674609624028
102.979,2024/05/28 15:35:48.2219,28.627838985862834,30.07674609624028
103.072,2024/05/28 15:35:48.3149,28.627838985862834,30.07674609624028
103.319,2024/05/28 15:35:48.5619,28.627838985862834,30.07674609624028
103.471,2024/05/28 15:35:48.7139,28.627838985862834,30.07674609624028
103.565,2024/05/28 15:35:48.8079,28.627838985862834,30.07674609624028
103.811,2024/05/28 15:35:49.0539,28.627838985862834,30.07674609624028
103.963,2024/05/28 15:35:49.2059,28.627838985862834,30.07674609624028
104.057,2024/05/28 15:35:49.2999,28.627838985862834,30.07674609624028
104.303,2024/05/28 15:35:49.5459,28.627838985862834,30.07674609624028
104.55,2024/05/28 15:35:49.7929,28.627838985862834,30.07674609624028
104.702,2024/05/28 15:35:49.9449,28.627838985862834,30.07674609624028
104.796,2024/05/28 15:35:50.0389,28.627838985862834,30.07674609624028
105.042,2024/05/28 15:35:50.2849,28.627838985862834,30.07674609624028
105.195,2024/05/28 15:35:50.4379,28.627838985862834,30.07674609624028
105.289,2024/05/28 15:35:50.5319,28.627838985862834,30.07674609624028
105.535,2024/05/28 15:35:50.7779,28.627838985862834,30.07674609624028
105.688,2024/05/28 15:35:50.9309,28.627838985862834,30.07674609624028
105.782,2024/05/28 15:35:51.0249,28.627838985862834,30.07674609624028
106.028,2024/05/28 15:35:51.2709,28.627838985862834,30.07674609624028
106.274,2024/05/28 15:35:51.5169,28.627838985862834,30.07674609624028
106.426,2024/05/28 15:35:51.6689,28.627838985862834,30.07674609624028
106.52,2024/05/28 15:35:51.7629,28.627838985862834,30.07674609624028
106.766,2024/05/28 15:35:52.0089,28.627838985862834,30.07674609624028
107.012,2024/05/28 15:35:52.2549,28.627838985862834,30.07674609624028
107.165,2024/05/28 15:35:52.4079,28.627838985862834,30.07674609624028
107.259,2024/05/28 15:35:52.5019,28.627838985862834,30.07674609624028
107.411,2024/05/28 15:35:52.6539,28.627838985862834,30.07674609624028
107.505,2024/05/28 15:35:52.7479,28.627838985862834,30.07674609624028
107.752,2024/05/28 15:35:52.9949,28.627838985862834,30.07674609624028
107.904,2024/05/28 15:35:53.1469,28.627838985862834,30.07674609624028
107.998,2024/05/28 15:35:53.2409,28.627838985862834,30.07674609624028
108.244,2024/05/28 15:35:53.4869,28.627838985862834,30.07674609624028
108.491,2024/05/28 15:35:53.7339,28.627838985862834,30.07674609624028
108.643,2024/05/28 15:35:53.8859,28.627838985862834,30.07674609624028
108.737,2024/05/28 15:35:53.9799,28.627838985862834,30.07674609624028
108.983,2024/05/28 15:35:54.2259,28.627838985862834,30.07674609624028
109.135,2024/05/28 15:35:54.3779,28.627838985862834,30.07674609624028
109.23,2024/05/28 15:35:54.4729,28.627838985862834,30.07674609624028
109.475,2024/05/28 15:35:54.7179,28.627838985862834,30.07674609624028
109.722,2024/05/28 15:35:54.9649,28.627838985862834,30.07674609624028
109.874,2024/05/28 15:35:55.1169,28.627838985862834,30.07674609624028
109.968,2024/05/28 15:35:55.2109,28.627838985862834,30.07674609624028
110.214,2024/05/28 15:35:55.4569,28.627838985862834,30.07674609624028
110.367,2024/05/28 15:35:55.6099,28.627838985862834,30.07674609624028
110.461,2024/05/28 15:35:55.7039,28.627838985862834,30.07674609624028
111.106,2024/05/28 15:35:56.3489,28.627838985862834,30.07674609624028
111.203,2024/05/28 15:35:56.4459,28.627838985862834,30.07674609624028
111.446,2024/05/28 15:35:56.6889,28.627838985862834,30.07674609624028
111.598,2024/05/28 15:35:56.8409,28.627838985862834,30.07674609624028
111.691,2024/05/28 15:35:56.9339,28.627838985862834,30.07674609624028
111.939,2024/05/28 15:35:57.1819,28.627838985862834,30.07674609624028
112.09,2024/05/28 15:35:57.3329,28.627838985862834,30.07674609624028
112.184,2024/05/28 15:35:57.4269,28.627838985862834,30.07674609624028
112.43,2024/05/28 15:35:57.6729,28.627838985862834,30.07674609624028
112.677,2024/05/28 15:35:57.9199,28.627838985862834,30.07674609624028
112.829,2024/05/28 15:35:58.0719,28.627838985862834,30.07674609624028
112.923,2024/05/28 15:35:58.1659,28.627838985862834,30.07674609624028
113.169,2024/05/28 15:35:58.4119,28.627838985862834,30.07674609624028
113.416,2024/05/28 15:35:58.6589,28.627838985862834,30.07674609624028
113.569,2024/05/28 15:35:58.8119,28.627838985862834,30.07674609624028
113.662,2024/05/28 15:35:58.9049,28.627838985862834,30.07674609624028
113.909,2024/05/28 15:35:59.1519,28.627838985862834,30.07674609624028
114.06,2024/05/28 15:35:59.3029,28.627838985862834,30.07674609624028
114.155,2024/05/28 15:35:59.3979,28.627838985862834,30.07674609624028
114.799,2024/05/28 15:36:00.0419,28.627838985862834,30.07674609624028
114.893,2024/05/28 15:36:00.1359,28.627838985862834,30.07674609624028
115.292,2024/05/28 15:36:00.5349,28.627838985862834,30.07674609624028
115.632,2024/05/28 15:36:00.8749,28.627838985862834,30.07674609624028
116.031,2024/05/28 15:36:01.2739,28.627838985862834,30.07674609624028
116.371,2024/05/28 15:36:01.6139,28.627838985862834,30.07674609624028
116.77,2024/05/28 15:36:02.0129,28.627838985862834,30.07674609624028
117.016,2024/05/28 15:36:02.2589,28.627838985862834,30.07674609624028
117.602,2024/05/28 15:36:02.8449,28.627838985862834,30.07674609624028
117.755,2024/05/28 15:36:02.9979,28.627838985862834,30.07674609624028
117.848,2024/05/28 15:36:03.0909,28.627838985862834,30.07674609624028
118.095,2024/05/28 15:36:03.3379,28.627838985862834,30.07674609624028
118.247,2024/05/28 15:36:03.4899,28.627838985862834,30.07674609624028
118.341,2024/05/28 15:36:03.5839,28.627838985862834,30.07674609624028
118.587,2024/05/28 15:36:03.8299,28.627838985862834,30.07674609624028
118.74,2024/05/28 15:36:03.9829,28.627838985862834,30.07674609624028
118.834,2024/05/28 15:36:04.0769,28.627838985862834,30.07674609624028
119.08,2024/05/28 15:36:04.3229,28.627838985862834,30.07674609624028
119.326,2024/05/28 15:36:04.5689,28.627838985862834,30.07674609624028
119.479,2024/05/28 15:36:04.7219,28.627838985862834,30.07674609624028
119.573,2024/05/28 15:36:04.8159,28.627838985862834,30.07674609624028
119.819,2024/05/28 15:36:05.0619,28.627838985862834,30.07674609624028
119.972,2024/05/28 15:36:05.2149,28.627838985862834,30.07674609624028
120.065,2024/05/28 15:36:05.3079,28.627838985862834,30.07674609624028
120.312,2024/05/28 15:36:05.5549,28.627838985862834,30.07674609624028
120.463,2024/05/28 15:36:05.7059,28.627838985862834,30.07674609624028
121.051,2024/05/28 15:36:06.2939,28.627838985862834,30.07674609624028
121.203,2024/05/28 15:36:06.4459,28.627838985862834,30.07674609624028
121.296,2024/05/28 15:36:06.5389,28.627838985862834,30.07674609624028
121.543,2024/05/28 15:36:06.7859,28.627838985862834,30.07674609624028
121.695,2024/05/28 15:36:06.9379,28.627838985862834,30.07674609624028
121.789,2024/05/28 15:36:07.0319,28.627838985862834,30.07674609624028
122.035,2024/05/28 15:36:07.2779,28.627838985862834,30.07674609624028
122.282,2024/05/28 15:36:07.5249,28.627838985862834,30.07674609624028
122.434,2024/05/28 15:36:07.6769,28.627838985862834,30.07674609624028
122.528,2024/05/28 15:36:07.7709,28.627838985862834,30.07674609624028
122.775,2024/05/28 15:36:08.0179,28.627838985862834,30.07674609624028
122.926,2024/05/28 15:36:08.1689,28.627838985862834,30.07674609624028
123.021,2024/05/28 15:36:08.2639,28.627838985862834,30.07674609624028
123.266,2024/05/28 15:36:08.5089,28.627838985862834,30.07674609624028
123.513,2024/05/28 15:36:08.7559,28.627838985862834,30.07674609624028
123.666,2024/05/28 15:36:08.9089,28.627838985862834,30.07674609624028
123.759,2024/05/28 15:36:09.0019,28.627838985862834,30.07674609624028
124.006,2024/05/28 15:36:09.2489,28.627838985862834,30.07674609624028
124.158,2024/05/28 15:36:09.4009,28.627838985862834,30.07674609624028
124.252,2024/05/28 15:36:09.4949,28.627838985862834,30.07674609624028
124.498,2024/05/28 15:36:09.7409,28.627838985862834,30.07674609624028
124.745,2024/05/28 15:36:09.9879,28.627838985862834,30.07674609624028
124.896,2024/05/28 15:36:10.1389,28.627838985862834,30.07674609624028
125.389,2024/05/28 15:36:10.6319,28.627838985862834,30.07674609624028
125.483,2024/05/28 15:36:10.7259,28.627838985862834,30.07674609624028
125.729,2024/05/28 15:36:10.9719,28.627838985862834,30.07674609624028
125.882,2024/05/28 15:36:11.1249,28.627838985862834,30.07674609624028
125.976,2024/05/28 15:36:11.2189,28.627838985862834,30.07674609624028
126.222,2024/05/28 15:36:11.4649,28.627838985862834,30.07674609624028
126.468,2024/05/28 15:36:11.7109,28.627838985862834,30.07674609624028
126.621,2024/05/28 15:36:11.8639,28.627838985862834,30.07674609624028
126.715,2024/05/28 15:36:11.9579,28.627838985862834,30.07674609624028
126.961,2024/05/28 15:36:12.2039,28.627838985862834,30.07674609624028
127.207,2024/05/28 15:36:12.4499,28.627838985862834,30.07674609624028
127.359,2024/05/28 15:36:12.6019,28.627838985862834,30.07674609624028
127.454,2024/05/28 15:36:12.6969,28.627838985862834,30.07674609624028
127.605,2024/05/28 15:36:12.8479,28.627838985862834,30.07674609624028
127.7,2024/05/28 15:36:12.9429,28.627838985862834,30.07674609624028
127.946,2024/05/28 15:36:13.1889,28.627838985862834,30.07674609624028
128.193,2024/05/28 15:36:13.4359,28.627838985862834,30.07674609624028
128.344,2024/05/28 15:36:13.5869,28.627838985862834,30.07674609624028
128.438,2024/05/28 15:36:13.6809,28.627838985862834,30.07674609624028
128.685,2024/05/28 15:36:13.9279,28.627838985862834,30.07674609624028
128.837,2024/05/28 15:36:14.0799,28.627838985862834,30.07674609624028
128.931,2024/05/28 15:36:14.1739,28.627838985862834,30.07674609624028
129.177,2024/05/28 15:36:14.4199,28.627838985862834,30.07674609624028
129.424,2024/05/28 15:36:14.6669,28.627838985862834,30.07674609624028
129.576,2024/05/28 15:36:14.8189,28.627838985862834,30.07674609624028
130.068,2024/05/28 15:36:15.3109,28.627838985862834,30.07674609624028
130.163,2024/05/28 15:36:15.4059,28.627838985862834,30.07674609624028
130.807,2024/05/28 15:36:16.0499,28.627838985862834,30.07674609624028
130.902,2024/05/28 15:36:16.1449,28.627838985862834,30.07674609624028
131.147,2024/05/28 15:36:16.3899,28.627838985862834,30.07674609624028
131.3,2024/05/28 15:36:16.5429,28.627838985862834,30.07674609624028
131.394,2024/05/28 15:36:16.6369,28.627838985862834,30.07674609624028
131.64,2024/05/28 15:36:16.8829,28.627838985862834,30.07674609624028
131.886,2024/05/28 15:36:17.1289,28.627838985862834,30.07674609624028
132.039,2024/05/28 15:36:17.2819,28.627838985862834,30.07674609624028
132.133,2024/05/28 15:36:17.3759,28.627838985862834,30.07674609624028
132.379,2024/05/28 15:36:17.6219,28.627838985862834,30.07674609624028
132.531,2024/05/28 15:36:17.7739,28.627838985862834,30.07674609624028
132.625,2024/05/28 15:36:17.8679,28.627838985862834,30.07674609624028
132.872,2024/05/28 15:36:18.1149,28.627838985862834,30.07674609624028
133.118,2024/05/28 15:36:18.3609,28.627838985862834,30.07674609624028
133.27,2024/05/28 15:36:18.5129,28.627838985862834,30.07674609624028
133.364,2024/05/28 15:36:18.6069,28.627838985862834,30.07674609624028
133.611,2024/05/28 15:36:18.8539,28.627838985862834,30.07674609624028
133.762,2024/05/28 15:36:19.0049,28.627838985862834,30.07674609624028
133.857,2024/05/28 15:36:19.0999,28.627838985862834,30.07674609624028
134.103,2024/05/28 15:36:19.3459,28.627838985862834,30.07674609624028
134.255,2024/05/28 15:36:19.4979,28.627838985862834,30.07674609624028
134.349,2024/05/28 15:36:19.5919,28.627838985862834,30.07674609624028
134.596,2024/05/28 15:36:19.8389,28.627838985862834,30.07674609624028
134.842,2024/05/28 15:36:20.0849,28.627838985862834,30.07674609624028
134.994,2024/05/28 15:36:20.2369,28.627838985862834,30.07674609624028
135.088,2024/05/28 15:36:20.3309,28.627838985862834,30.07674609624028
135.486,2024/05/28 15:36:20.7289,28.627838985862834,30.07674609624028
135.827,2024/05/28 15:36:21.0699,28.627838985862834,30.07674609624028
135.979,2024/05/28 15:36:21.2219,28.627838985862834,30.07674609624028
136.566,2024/05/28 15:36:21.8089,28.627838985862834,30.07674609624028
136.717,2024/05/28 15:36:21.9599,28.627838985862834,30.07674609624028
136.812,2024/05/28 15:36:22.0549,28.627838985862834,30.07674609624028
137.058,2024/05/28 15:36:22.3009,28.627838985862834,30.07674609624028
137.21,2024/05/28 15:36:22.4529,28.627838985862834,30.07674609624028
137.305,2024/05/28 15:36:22.5479,28.627838985862834,30.07674609624028
137.551,2024/05/28 15:36:22.7939,28.627838985862834,30.07674609624028
137.797,2024/05/28 15:36:23.0399,28.627838985862834,30.07674609624028
137.949,2024/05/28 15:36:23.1919,28.627838985862834,30.07674609624028
138.044,2024/05/28 15:36:23.2869,28.627838985862834,30.07674609624028
138.289,2024/05/28 15:36:23.5319,28.627838985862834,30.07674609624028
138.442,2024/05/28 15:36:23.6849,28.627838985862834,30.07674609624028
138.535,2024/05/28 15:36:23.7779,28.627838985862834,30.07674609624028
138.782,2024/05/28 15:36:24.0249,28.627838985862834,30.07674609624028
139.028,2024/05/28 15:36:24.2709,28.627838985862834,30.07674609624028
139.181,2024/05/28 15:36:24.4239,28.627838985862834,30.07674609624028
139.275,2024/05/28 15:36:24.5179,28.627838985862834,30.07674609624028
139.521,2024/05/28 15:36:24.7639,28.627838985862834,30.07674609624028
139.673,2024/05/28 15:36:24.9159,28.627838985862834,30.07674609624028
140.26,2024/05/28 15:36:25.5029,28.627838985862834,30.07674609624028
140.412,2024/05/28 15:36:25.6549,28.627838985862834,30.07674609624028
140.506,2024/05/28 15:36:25.7489,28.627838985862834,30.07674609624028
140.753,2024/05/28 15:36:25.9959,28.627838985862834,30.07674609624028
140.904,2024/05/28 15:36:26.1469,28.627838985862834,30.07674609624028
140.998,2024/05/28 15:36:26.2409,28.627838985862834,30.07674609624028
141.244,2024/05/28 15:36:26.4869,28.627838985862834,30.07674609624028
141.397,2024/05/28 15:36:26.6399,28.627838985862834,30.07674609624028
141.491,2024/05/28 15:36:26.7339,28.627838985862834,30.07674609624028
141.737,2024/05/28 15:36:26.9799,28.627838985862834,30.07674609624028
141.983,2024/05/28 15:36:27.2259,28.627838985862834,30.07674609624028
142.136,2024/05/28 15:36:27.3789,28.627838985862834,30.07674609624028
142.23,2024/05/28 15:36:27.4729,28.627838985862834,30.07674609624028
142.476,2024/05/28 15:36:27.7189,28.627838985862834,30.07674609624028
142.629,2024/05/28 15:36:27.8719,28.627838985862834,30.07674609624028
143.121,2024/05/28 15:36:28.3639,28.627838985862834,30.07674609624028
143.215,2024/05/28 15:36:28.4579,28.627838985862834,30.07674609624028
143.462,2024/05/28 15:36:28.7049,28.627838985862834,30.07674609624028
143.708,2024/05/28 15:36:28.9509,28.627838985862834,30.07674609624028
143.86,2024/05/28 15:36:29.1029,28.627838985862834,30.07674609624028
143.953,2024/05/28 15:36:29.1959,28.627838985862834,30.07674609624028
144.2,2024/05/28 15:36:29.4429,28.627838985862834,30.07674609624028
144.352,2024/05/28 15:36:29.5949,28.627838985862834,30.07674609624028
144.447,2024/05/28 15:36:29.6899,28.627838985862834,30.07674609624028
144.693,2024/05/28 15:36:29.9359,28.627838985862834,30.07674609624028
144.939,2024/05/28 15:36:30.1819,28.627838985862834,30.07674609624028
145.091,2024/05/28 15:36:30.3339,28.627838985862834,30.07674609624028
145.186,2024/05/28 15:36:30.4289,28.627838985862834,30.07674609624028
145.432,2024/05/28 15:36:30.6749,28.627838985862834,30.07674609624028
145.583,2024/05/28 15:36:30.8259,28.627838985862834,30.07674609624028
145.678,2024/05/28 15:36:30.9209,28.627838985862834,30.07674609624028
145.925,2024/05/28 15:36:31.1679,28.627838985862834,30.07674609624028
146.17,2024/05/28 15:36:31.4129,28.627838985862834,30.07674609624028
146.323,2024/05/28 15:36:31.5659,28.627838985862834,30.07674609624028
146.909,2024/05/28 15:36:32.1519,28.627838985862834,30.07674609624028
147.061,2024/05/28 15:36:32.3039,28.627838985862834,30.07674609624028
147.155,2024/05/28 15:36:32.3979,28.627838985862834,30.07674609624028
147.402,2024/05/28 15:36:32.6449,28.627838985862834,30.07674609624028
147.553,2024/05/28 15:36:32.7959,28.627838985862834,30.07674609624028
148.141,2024/05/28 15:36:33.3839,28.627838985862834,30.07674609624028
148.292,2024/05/28 15:36:33.5349,28.627838985862834,30.07674609624028
148.387,2024/05/28 15:36:33.6299,28.627838985862834,30.07674609624028
148.633,2024/05/28 15:36:33.8759,28.627838985862834,30.07674609624028
148.88,2024/05/28 15:36:34.1229,28.627838985862834,30.07674609624028
149.031,2024/05/28 15:36:34.2739,28.627838985862834,30.07674609624028
149.126,2024/05/28 15:36:34.3689,28.627838985862834,30.07674609624028
149.372,2024/05/28 15:36:34.6149,28.627838985862834,30.07674609624028
149.524,2024/05/28 15:36:34.7669,28.627838985862834,30.07674609624028
149.618,2024/05/28 15:36:34.8609,28.627838985862834,30.07674609624028
149.865,2024/05/28 15:36:35.1079,28.627838985862834,30.07674609624028
150.016,2024/05/28 15:36:35.2589,28.627838985862834,30.07674609624028
150.111,2024/05/28 15:36:35.3539,28.627838985862834,30.07674609624028
150.357,2024/05/28 15:36:35.5999,28.627838985862834,30.07674609624028
150.509,2024/05/28 15:36:35.7519,28.627838985862834,30.07674609624028
150.604,2024/05/28 15:36:35.8469,28.627838985862834,30.07674609624028
150.849,2024/05/28 15:36:36.0919,28.627838985862834,30.07674609624028
151.096,2024/05/28 15:36:36.3389,28.627838985862834,30.07674609624028
151.247,2024/05/28 15:36:36.4899,28.627838985862834,30.07674609624028
151.342,2024/05/28 15:36:36.5849,28.627838985862834,30.07674609624028
151.588,2024/05/28 15:36:36.8309,28.627838985862834,30.07674609624028
151.74,2024/05/28 15:36:36.9829,28.627838985862834,30.07674609624028
151.835,2024/05/28 15:36:37.0779,28.627838985862834,30.07674609624028
152.233,2024/05/28 15:36:37.4759,28.627838985862834,30.07674609624028
152.574,2024/05/28 15:36:37.8169,28.627838985862834,30.07674609624028
152.725,2024/05/28 15:36:37.9679,28.627838985862834,30.07674609624028
152.82,2024/05/28 15:36:38.0629,28.627838985862834,30.07674609624028
153.066,2024/05/28 15:36:38.3089,28.627838985862834,30.07674609624028
153.313,2024/05/28 15:36:38.5559,28.627838985862834,30.07674609624028
153.464,2024/05/28 15:36:38.7069,28.627838985862834,30.07674609624028
153.559,2024/05/28 15:36:38.8019,28.627838985862834,30.07674609624028
153.804,2024/05/28 15:36:39.0469,28.627838985862834,30.07674609624028
154.051,2024/05/28 15:36:39.2939,28.627838985862834,30.07674609624028
154.203,2024/05/28 15:36:39.4459,28.627838985862834,30.07674609624028
154.297,2024/05/28 15:36:39.5399,28.627838985862834,30.07674609624028
154.544,2024/05/28 15:36:39.7869,28.627838985862834,30.07674609624028
154.79,2024/05/28 15:36:40.0329,28.627838985862834,30.07674609624028
154.942,2024/05/28 15:36:40.1849,28.627838985862834,30.07674609624028
155.036,2024/05/28 15:36:40.2789,28.627838985862834,30.07674609624028
155.283,2024/05/28 15:36:40.5259,28.627838985862834,30.07674609624028
155.529,2024/05/28 15:36:40.7719,28.627838985862834,30.07674609624028
155.681,2024/05/28 15:36:40.9239,28.627838985862834,30.07674609624028
156.267,2024/05/28 15:36:41.5099,28.627838985862834,30.07674609624028
156.42,2024/05/28 15:36:41.6629,28.627838985862834,30.07674609624028
156.514,2024/05/28 15:36:41.7569,28.627838985862834,30.07674609624028
156.76,2024/05/28 15:36:42.0029,28.627838985862834,30.07674609624028
156.912,2024/05/28 15:36:42.1549,28.627838985862834,30.07674609624028
157.006,2024/05/28 15:36:42.2489,28.627838985862834,30.07674609624028
