Type,Question,Start Time,End Time,Score,Average Pupil Dilation,Average Left Blink Rate,Average Right Blink Rate,Sign of Anxiety,Test
HADS,From time to time; occasionally,2024-06-13 11:30:18.058,2024-06-13 11:30:30.793,1,3.1429512195121956,4.722921914357682,4.722921914357682,Yes,Test 01
HADS,Not quite so much,2024-06-13 11:30:30.793,2024-06-13 11:30:38.713,1,2.9474308300395258,7.589172780166962,0.0,Yes,Test 01
HADS,Yes; but not too badly,2024-06-13 11:30:38.713,2024-06-13 11:30:46.577,2,2.9000397614314117,0.0,7.654037504783773,Yes,Test 01
HADS,Not quite so much now,2024-06-13 11:30:46.577,2024-06-13 11:30:54.409,1,2.923093812375249,0.0,0.0,Yes,Test 01
HADS,From time to time; but not too often,2024-06-13 11:30:54.409,2024-06-13 11:30:57.497,1,2.922474747474747,0.0,0.0,Yes,Test 01
HADS,Sometimes,2024-06-13 11:30:57.497,2024-06-13 11:31:03.497,1,2.877942708333333,20.060180541624874,30.090270812437314,Yes,Test 01
HADS,Usually,2024-06-13 11:31:03.497,2024-06-13 11:31:08.945,1,2.7926647564469915,11.049723756906078,11.049723756906078,Yes,Test 01
HADS,Very often,2024-06-13 11:31:08.945,2024-06-13 11:31:14.665,2,2.795945205479452,42.04625087596356,31.53468815697267,Yes,Test 01
HADS,Occasionally,2024-06-13 11:31:14.665,2024-06-13 11:31:17.961,1,2.7493838862559237,18.303843807199513,0.0,Yes,Test 01
HADS,I may not take quite as much care,2024-06-13 11:31:17.961,2024-06-13 11:31:40.698,1,2.7828041237113403,15.84158415841584,13.2013201320132,Yes,Test 01
HADS,Quite a lot,2024-06-13 11:31:40.698,2024-06-13 11:31:50.313,2,2.7778338762214987,31.243490939387627,31.243490939387627,Yes,Test 01
HADS,Rather less than I used to,2024-06-13 11:31:50.313,2024-06-13 11:31:57.265,1,2.7423702031602706,0.0,0.0,Yes,Test 01
HADS,Not very often,2024-06-13 11:31:57.265,2024-06-13 11:32:02.833,1,2.630728291316527,43.126684636118604,53.90835579514825,Yes,Test 01
HADS,Not often,2024-06-13 11:32:02.833,2024-06-13 11:32:10.209,2,2.623559322033898,8.168822328114365,8.168822328114365,Yes,Test 01
STAI-S,Somewhat,2024-06-13 11:32:10.209,2024-06-13 11:32:19.297,3,2.6417182130584194,6.615214994487321,13.230429988974642,Yes,Test 01
STAI-S,Somewhat,2024-06-13 11:32:19.297,2024-06-13 11:32:21.313,3,2.7999224806201553,0.0,0.0,Yes,Test 01
STAI-S,Moderately,2024-06-13 11:32:21.313,2024-06-13 11:32:30.065,3,2.8376114081996433,20.61619516664758,41.23239033329516,Yes,Test 01
STAI-S,Somewhat,2024-06-13 11:32:30.065,2024-06-13 11:32:35.233,2,2.64921686746988,34.84995159728945,46.46660212971926,Yes,Test 01
STAI-S,Somewhat,2024-06-13 11:32:35.233,2024-06-13 11:32:37.778,3,2.6282208588957054,47.524752475247524,47.524752475247524,Yes,Test 01
STAI-S,Somewhat,2024-06-13 11:32:37.778,2024-06-13 11:32:42.745,2,2.6494321766561515,24.311183144246353,36.46677471636953,Yes,Test 01
STAI-S,Moderately,2024-06-13 11:32:42.745,2024-06-13 11:32:49.897,3,2.632052401746725,58.864751226348986,58.864751226348986,Yes,Test 01
STAI-S,Not at all,2024-06-13 11:32:49.897,2024-06-13 11:32:55.314,4,2.6735838150289015,0.0,0.0,Yes,Test 01
STAI-S,Somewhat,2024-06-13 11:32:55.314,2024-06-13 11:32:59.777,2,2.53506993006993,67.6132521974307,94.65855307640297,Yes,Test 01
STAI-S,Somewhat,2024-06-13 11:32:59.777,2024-06-13 11:33:06.793,3,2.6399777777777778,51.333238271780985,34.22215884785399,Yes,Test 01
STAI-S,Moderately,2024-06-13 11:33:06.793,2024-06-13 11:33:09.562,2,2.6419774011299433,21.87386073641998,43.74772147283996,Yes,Test 01
STAI-S,Somewhat,2024-06-13 11:33:09.562,2024-06-13 11:33:11.793,2,2.712027972027972,0.0,0.0,Yes,Test 01
STAI-S,Not at all,2024-06-13 11:33:11.793,2024-06-13 11:33:21.145,1,2.6928881469115193,19.276076247590492,64.2535874919683,Yes,Test 01
STAI-S,Not at all,2024-06-13 11:33:21.145,2024-06-13 11:33:28.945,1,3.0,23.15410342166195,38.59017236943659,Yes,Test 01
STAI-S,Somewhat,2024-06-13 11:33:28.945,2024-06-13 11:33:31.113,3,2.9400000000000004,27.89400278940028,27.89400278940028,Yes,Test 01
STAI-S,Very much,2024-06-13 11:33:31.113,2024-06-13 11:33:36.737,1,2.9017728531855953,21.37513359458497,10.687566797292485,Yes,Test 01
STAI-S,Moderately,2024-06-13 11:33:36.737,2024-06-13 11:33:40.353,3,2.866883116883117,33.3889816360601,16.69449081803005,Yes,Test 01
STAI-S,Moderately,2024-06-13 11:33:40.353,2024-06-13 11:33:54.049,3,2.867710706150342,4.386285547189122,0.0,Yes,Test 01
STAI-S,Moderately,2024-06-13 11:33:54.049,2024-06-13 11:34:01.009,2,2.752269662921348,34.60706560922855,86.51766402307138,Yes,Test 01
STAI-S,Moderately,2024-06-13 11:34:01.009,2024-06-13 11:34:04.578,2,2.8170742358078598,33.72681281618887,33.72681281618887,Yes,Test 01
STAI-T,Often,2024-06-13 11:34:04.578,2024-06-13 11:34:08.721,2,2.8091698113207544,14.53136352627755,14.53136352627755,Yes,Test 01
STAI-T,Sometimes,2024-06-13 11:34:08.721,2024-06-13 11:34:12.361,2,2.955811965811966,16.519823788546255,0.0,Yes,Test 01
STAI-T,Almost Never,2024-06-13 11:34:12.361,2024-06-13 11:34:17.209,4,2.942829581993569,0.0,0.0,Yes,Test 01
STAI-T,Sometimes,2024-06-13 11:34:17.209,2024-06-13 11:34:21.681,2,2.8456993006993003,13.464991023339316,13.464991023339316,Yes,Test 01
STAI-T,Sometimes,2024-06-13 11:34:21.681,2024-06-13 11:34:28.041,2,2.8499999999999996,9.459246413369069,9.459246413369069,Yes,Test 01
STAI-T,Sometimes,2024-06-13 11:34:28.041,2024-06-13 11:34:31.050,3,2.808704663212435,20.006668889629875,20.006668889629875,Yes,Test 01
STAI-T,Sometimes,2024-06-13 11:34:31.050,2024-06-13 11:34:33.561,3,2.797080745341615,24.106066693451186,48.21213338690237,Yes,Test 01
STAI-T,Sometimes,2024-06-13 11:34:33.561,2024-06-13 11:34:40.481,2,3.0529213483146065,8.673026886383347,8.673026886383347,Yes,Test 01
STAI-T,Almost Always,2024-06-13 11:34:40.481,2024-06-13 11:34:46.353,4,2.8556533333333336,10.256410256410257,10.256410256410257,Yes,Test 01
STAI-T,Sometimes,2024-06-13 11:34:46.353,2024-06-13 11:34:51.169,3,2.774220779220779,37.60183831209526,75.20367662419052,Yes,Test 01
STAI-T,Almost Always,2024-06-13 11:34:51.169,2024-06-13 11:34:54.593,4,2.9081278538812785,17.600469345849223,0.0,Yes,Test 01
STAI-T,Sometimes,2024-06-13 11:34:54.593,2024-06-13 11:34:57.505,2,2.924598930481283,0.0,20.74688796680498,Yes,Test 01
STAI-T,Sometimes,2024-06-13 11:34:57.505,2024-06-13 11:34:59.569,3,2.785151515151515,29.36857562408223,29.36857562408223,Yes,Test 01
STAI-T,Often,2024-06-13 11:34:59.569,2024-06-13 11:35:03.801,2,2.812205882352941,0.0,0.0,Yes,Test 01
STAI-T,Sometimes,2024-06-13 11:35:03.801,2024-06-13 11:35:06.105,2,2.8319727891156465,0.0,0.0,Yes,Test 01
STAI-T,Often,2024-06-13 11:35:06.105,2024-06-13 11:35:09.481,2,2.758093023255813,17.825311942959,0.0,Yes,Test 01
STAI-T,Often,2024-06-13 11:35:09.481,2024-06-13 11:35:17.481,3,2.77998046875,7.52162467092892,15.04324934185784,Yes,Test 01
STAI-T,Often,2024-06-13 11:35:17.481,2024-06-13 11:35:21.721,3,2.8188278388278385,0.0,0.0,Yes,Test 01
STAI-T,Often,2024-06-13 11:35:21.721,2024-06-13 11:35:25.705,2,2.817421875,30.249558860599947,30.249558860599947,Yes,Test 01
STAI-T,Sometimes,2024-06-13 11:35:25.705,2024-06-13 11:35:30.105,2,2.834607142857143,0.0,13.717421124828533,Yes,Test 01
BFI,Strongly agree,2024-06-13 11:35:30.105,2024-06-13 11:35:33.601,5,2.874866071428571,0.0,0.0,Yes,Test 01
BFI,Neutral,2024-06-13 11:35:33.601,2024-06-13 11:35:37.025,3,2.9027272727272733,17.538731365097924,35.07746273019585,Yes,Test 01
BFI,Neutral,2024-06-13 11:35:37.025,2024-06-13 11:35:41.153,3,2.9119622641509437,0.0,14.602092966658557,Yes,Test 01
BFI,Disagree,2024-06-13 11:35:41.153,2024-06-13 11:35:45.337,2,2.8721268656716417,28.811524609843936,28.811524609843936,Yes,Test 01
BFI,Agree,2024-06-13 11:35:45.337,2024-06-13 11:35:49.009,2,2.842575107296137,0.0,0.0,Yes,Test 01
BFI,Disagree,2024-06-13 11:35:49.009,2024-06-13 11:35:52.537,4,2.8581858407079648,0.0,0.0,Yes,Test 01
BFI,Neutral,2024-06-13 11:35:52.537,2024-06-13 11:35:56.169,3,2.8631759656652362,0.0,16.556291390728475,Yes,Test 01
BFI,Agree,2024-06-13 11:35:56.169,2024-06-13 11:35:58.753,4,2.9244848484848487,0.0,0.0,Yes,Test 01
BFI,Agree,2024-06-13 11:35:58.753,2024-06-13 11:36:03.001,4,2.804029304029304,28.30188679245283,28.30188679245283,Yes,Test 01
BFI,Disagree,2024-06-13 11:36:03.001,2024-06-13 11:36:06.937,2,2.82202380952381,15.357051446122345,15.357051446122345,Yes,Test 01
FQ,3,2024-06-13 11:36:06.937,2024-06-13 11:36:16.666,3,2.779565916398714,37.105751391465674,43.290043290043286,Yes,Test 01
FQ,6 - markedly avoid it,2024-06-13 11:36:16.666,2024-06-13 11:36:27.337,6,2.9343211678832115,5.625351584474029,28.126757922370146,Yes,Test 01
FQ,5,2024-06-13 11:36:27.337,2024-06-13 11:36:32.129,5,2.955863192182411,12.54442818314865,12.54442818314865,Yes,Test 01
FQ,4 - definitely avoid it,2024-06-13 11:36:32.129,2024-06-13 11:36:36.673,4,2.82548275862069,26.56042496679947,13.280212483399735,Yes,Test 01
FQ,1,2024-06-13 11:36:36.673,2024-06-13 11:36:46.009,1,2.766281407035176,12.882447665056361,25.764895330112722,Yes,Test 01
FQ,1,2024-06-13 11:36:46.009,2024-06-13 11:36:52.025,1,2.857324675324675,0.0,10.013351134846461,Yes,Test 01
FQ,6 - markedly avoid it,2024-06-13 11:36:52.025,2024-06-13 11:36:57.185,6,2.7877039274924473,23.323615160349856,23.323615160349856,Yes,Test 01
FQ,4 - definitely avoid it,2024-06-13 11:36:57.185,2024-06-13 11:37:06.417,4,2.816305084745763,19.53125,6.510416666666667,Yes,Test 01
FQ,3,2024-06-13 11:37:06.417,2024-06-13 11:37:12.273,3,2.8060266666666664,20.512820512820515,41.02564102564103,Yes,Test 01
FQ,6 - markedly avoid it,2024-06-13 11:37:12.273,2024-06-13 11:37:16.105,6,2.9011836734693874,15.748031496062993,15.748031496062993,Yes,Test 01
FQ,5,2024-06-13 11:37:16.105,2024-06-13 11:37:19.129,5,2.7165284974093264,40.0,80.0,Yes,Test 01
FQ,6 - markedly avoid it,2024-06-13 11:37:19.129,2024-06-13 11:37:27.129,6,2.8065107212475633,15.033826108744675,15.033826108744675,Yes,Test 01
FQ,2 - slightly avoid it,2024-06-13 11:37:27.129,2024-06-13 11:37:31.945,2,2.717694805194805,25.05742326164126,12.52871163082063,Yes,Test 01
FQ,5,2024-06-13 11:37:31.945,2024-06-13 11:37:37.321,5,2.73375,22.38388360380526,22.38388360380526,Yes,Test 01
FQ,4 - definitely avoid it,2024-06-13 11:37:37.321,2024-06-13 11:37:47.728,4,2.858225563909774,40.38849889412443,28.848927781517453,Yes,Test 01
FQ,4 - definitely avoid it,2024-06-13 11:37:47.728,2024-06-13 11:37:56.393,4,2.7308108108108105,41.59926045759187,41.59926045759187,Yes,Test 01
FQ,5,2024-06-13 11:37:56.393,2024-06-13 11:38:06.193,5,2.7268312101910825,6.139363552645043,18.418090657935128,Yes,Test 01
FQ,1,2024-06-13 11:38:06.193,2024-06-13 11:38:13.608,1,2.7343459915611814,8.100445524503847,8.100445524503847,Yes,Test 01
FQ,2 - slightly troublesome,2024-06-13 11:38:13.608,2024-06-13 11:38:21.088,2,2.706673640167364,8.04289544235925,16.0857908847185,Yes,Test 01
FQ,2 - slightly troublesome,2024-06-13 11:38:21.088,2024-06-13 11:38:26.769,2,2.6803581267217633,10.611956137247965,10.611956137247965,Yes,Test 01
FQ,3,2024-06-13 11:38:26.769,2024-06-13 11:38:33.226,3,2.8071014492753625,0.0,0.0,Yes,Test 01
FQ,3,2024-06-13 11:38:33.226,2024-06-13 11:38:37.793,3,2.7544368600682594,0.0,0.0,Yes,Test 01
FQ,3,2024-06-13 11:38:37.793,2024-06-13 11:38:43.441,3,2.725706371191136,32.017075773746,42.68943436499467,Yes,Test 01
FQ,3,2024-06-13 11:38:43.441,2024-06-13 11:38:46.633,3,2.7936764705882347,0.0,0.0,Yes,Test 01
HADS,From time to time; occasionally,2024-06-20 09:41:08.961,2024-06-20 09:41:14.480,1,1.5432203389830508,0.0,21.81818181818182,Yes,Test 02
HADS,Only a little,2024-06-20 09:41:14.480,2024-06-20 09:41:23.096,2,1.5957581227436823,20.925366193908392,27.900488258544524,Yes,Test 02
HADS,Yes; but not too badly,2024-06-20 09:41:23.096,2024-06-20 09:41:30.592,2,2.1647826086956523,0.0,0.0,No,Test 02
HADS,Not quite so much now,2024-06-20 09:41:30.592,2024-06-20 09:41:36.872,1,2.142332506203474,0.0,0.0,No,Test 02
HADS,From time to time; but not too often,2024-06-20 09:41:36.872,2024-06-20 09:41:39.784,1,2.0856684491978608,0.0,0.0,No,Test 02
HADS,Sometimes,2024-06-20 09:41:39.784,2024-06-20 09:41:44.233,1,2.0027272727272725,13.522650439486139,27.045300878972277,Yes,Test 02
HADS,Usually,2024-06-20 09:41:44.233,2024-06-20 09:41:48.488,1,2.016131386861314,14.14093801555503,28.28187603111006,Yes,Test 02
HADS,Sometimes,2024-06-20 09:41:48.488,2024-06-20 09:41:51.952,1,2.0523873873873875,17.452006980802793,17.452006980802793,Yes,Test 02
HADS,Occasionally,2024-06-20 09:41:51.952,2024-06-20 09:41:57.016,1,1.9628615384615387,0.0,0.0,No,Test 02
HADS,I may not take quite as much care,2024-06-20 09:41:57.016,2024-06-20 09:42:06.240,1,2.013462837837838,0.0,0.0,No,Test 02
HADS,Not very much,2024-06-20 09:42:06.240,2024-06-20 09:42:10.496,1,1.998754578754579,0.0,0.0,No,Test 02
HADS,Rather less than I used to,2024-06-20 09:42:10.496,2024-06-20 09:42:18.824,1,1.9087126865671642,43.26403076553299,43.26403076553299,Yes,Test 02
HADS,Not very often,2024-06-20 09:42:18.824,2024-06-20 09:42:22.376,1,2.027763157894737,0.0,0.0,No,Test 02
HADS,Sometimes,2024-06-20 09:42:22.376,2024-06-20 09:42:25.577,1,2.0705825242718445,0.0,18.820577164366373,Yes,Test 02
STAI-S,Somewhat,2024-06-20 09:42:25.577,2024-06-20 09:42:30.416,3,1.9884887459807068,111.91709844559585,99.48186528497409,Yes,Test 02
STAI-S,Somewhat,2024-06-20 09:42:30.416,2024-06-20 09:42:34.953,3,1.9479037800687282,26.56042496679947,53.12084993359894,Yes,Test 02
STAI-S,Moderately,2024-06-20 09:42:34.953,2024-06-20 09:42:39.688,3,1.8584868421052632,50.79365079365079,50.79365079365079,Yes,Test 02
STAI-S,Somewhat,2024-06-20 09:42:39.688,2024-06-20 09:42:42.881,2,1.8184878048780486,18.993352326685663,56.980056980056986,Yes,Test 02
STAI-S,Somewhat,2024-06-20 09:42:42.881,2024-06-20 09:42:45.705,3,1.7535359116022098,42.56828662646328,42.56828662646328,Yes,Test 02
STAI-S,Not at all,2024-06-20 09:42:45.705,2024-06-20 09:42:48.880,1,1.7637254901960788,38.11944091486658,38.11944091486658,Yes,Test 02
STAI-S,Somewhat,2024-06-20 09:42:48.880,2024-06-20 09:42:52.529,2,1.7661111111111112,16.51073197578426,33.02146395156852,Yes,Test 02
STAI-S,Moderately,2024-06-20 09:42:52.529,2024-06-20 09:42:56.336,2,1.7105737704918034,31.695721077654515,47.543581616481774,Yes,Test 02
STAI-S,Somewhat,2024-06-20 09:42:56.336,2024-06-20 09:43:00.152,2,1.6384489795918367,63.20779562812747,63.20779562812747,Yes,Test 02
STAI-S,Moderately,2024-06-20 09:43:00.152,2024-06-20 09:43:04.368,2,1.702,0.0,0.0,No,Test 02
STAI-S,Somewhat,2024-06-20 09:43:04.368,2024-06-20 09:43:09.224,3,1.6507371794871795,24.783147459727388,37.17472118959108,Yes,Test 02
STAI-S,Somewhat,2024-06-20 09:43:09.224,2024-06-20 09:43:12.130,2,1.3877005347593583,165.97510373443984,290.4564315352697,Yes,Test 02
STAI-S,Moderately,2024-06-20 09:43:12.130,2024-06-20 09:43:15.560,3,1.451,123.13104661389622,123.13104661389622,Yes,Test 02
STAI-S,Somewhat,2024-06-20 09:43:15.560,2024-06-20 09:43:20.952,2,1.4820289855072464,89.50214432220773,111.87768040275965,Yes,Test 02
STAI-S,Moderately,2024-06-20 09:43:20.952,2024-06-20 09:43:24.377,2,1.3909132420091326,52.770448548812666,52.770448548812666,Yes,Test 02
STAI-S,Somewhat,2024-06-20 09:43:24.377,2024-06-20 09:43:27.728,3,1.2521296296296298,144.23076923076923,126.20192307692308,Yes,Test 02
STAI-S,Moderately,2024-06-20 09:43:27.728,2024-06-20 09:43:30.161,3,1.138258064516129,199.41836310760283,224.34565849605318,Yes,Test 02
STAI-S,Not at all,2024-06-20 09:43:30.161,2024-06-20 09:43:33.537,1,1.2116513761467889,71.301247771836,89.12655971479501,Yes,Test 02
STAI-S,Moderately,2024-06-20 09:43:33.537,2024-06-20 09:43:37.112,2,1.2201310043668123,16.86814731515322,185.5496204666854,Yes,Test 02
STAI-S,Moderately,2024-06-20 09:43:37.112,2024-06-20 09:43:40.640,2,1.252477876106195,85.39709649871905,85.39709649871905,Yes,Test 02
STAI-T,Sometimes,2024-06-20 09:43:40.640,2024-06-20 09:43:47.529,3,1.357155756207675,96.04190919674039,130.9662398137369,Yes,Test 02
STAI-T,Often,2024-06-20 09:43:47.529,2024-06-20 09:43:51.209,3,1.510548523206751,65.53795740032768,65.53795740032768,Yes,Test 02
STAI-T,Sometimes,2024-06-20 09:43:51.209,2024-06-20 09:43:54.896,3,1.5545569620253168,49.0596892886345,98.119378577269,Yes,Test 02
STAI-T,Sometimes,2024-06-20 09:43:54.896,2024-06-20 09:43:58.728,2,1.5972764227642275,0.0,0.0,No,Test 02
STAI-T,Sometimes,2024-06-20 09:43:58.728,2024-06-20 09:44:01.936,2,1.5212135922330097,18.82648258550361,37.65296517100722,Yes,Test 02
STAI-T,Sometimes,2024-06-20 09:44:01.936,2024-06-20 09:44:06.008,3,1.4740229885057472,44.48838358872961,44.48838358872961,Yes,Test 02
STAI-T,Sometimes,2024-06-20 09:44:06.008,2024-06-20 09:44:10.513,3,1.3454137931034484,213.5706340378198,253.615127919911,Yes,Test 02
STAI-T,Sometimes,2024-06-20 09:44:10.513,2024-06-20 09:44:14.376,2,1.4781048387096773,93.75,78.125,Yes,Test 02
STAI-T,Often,2024-06-20 09:44:14.376,2024-06-20 09:44:17.560,3,1.6089705882352938,37.96267004112622,0.0,Yes,Test 02
STAI-T,Sometimes,2024-06-20 09:44:17.560,2024-06-20 09:44:21.120,3,1.3178602620087339,152.32722143864598,287.7291960507757,Yes,Test 02
STAI-T,Sometimes,2024-06-20 09:44:21.120,2024-06-20 09:44:24.665,2,1.4626431718061677,85.15469770082316,102.18563724098779,Yes,Test 02
STAI-T,Sometimes,2024-06-20 09:44:24.665,2024-06-20 09:44:27.864,2,1.4074757281553398,112.60556771973725,112.60556771973725,Yes,Test 02
STAI-T,Often,2024-06-20 09:44:27.864,2024-06-20 09:44:30.896,2,1.6120618556701032,19.90049751243781,39.80099502487562,Yes,Test 02
STAI-T,Often,2024-06-20 09:44:30.896,2024-06-20 09:44:37.224,2,1.64034398034398,114.08651560766914,95.07209633972428,Yes,Test 02
STAI-T,Sometimes,2024-06-20 09:44:37.224,2024-06-20 09:44:39.353,2,2.243722627737226,0.0,0.0,No,Test 02
STAI-T,Sometimes,2024-06-20 09:44:39.353,2024-06-20 09:44:42.033,3,2.2194767441860463,67.56756756756756,90.09009009009009,Yes,Test 02
STAI-T,Often,2024-06-20 09:44:42.033,2024-06-20 09:44:44.953,3,2.3763636363636365,20.696791997240428,103.48395998620214,Yes,Test 02
STAI-T,Often,2024-06-20 09:44:44.953,2024-06-20 09:44:51.800,3,2.276984126984127,26.32733655111891,70.20623080298377,Yes,Test 02
STAI-T,Often,2024-06-20 09:44:51.800,2024-06-20 09:44:56.488,2,2.181860465116279,51.358870104857694,51.358870104857694,Yes,Test 02
STAI-T,Sometimes,2024-06-20 09:44:56.488,2024-06-20 09:45:00.376,2,2.2946987951807234,46.42765024503482,61.90353366004643,Yes,Test 02
BFI,Agree,2024-06-20 09:45:00.376,2024-06-20 09:45:04.512,4,2.343483146067416,29.105020616056265,43.6575309240844,Yes,Test 02
BFI,Neutral,2024-06-20 09:45:04.512,2024-06-20 09:45:07.248,3,2.2065142857142854,88.82309400444115,155.440414507772,Yes,Test 02
BFI,Neutral,2024-06-20 09:45:07.248,2024-06-20 09:45:11.128,3,2.4157831325301204,0.0,0.0,No,Test 02
BFI,Disagree,2024-06-20 09:45:11.128,2024-06-20 09:45:15.704,2,2.328581081081081,39.447731755424066,39.447731755424066,Yes,Test 02
BFI,Agree,2024-06-20 09:45:15.704,2024-06-20 09:45:20.552,2,2.2214423076923078,86.9205298013245,99.33774834437087,Yes,Test 02
BFI,Disagree,2024-06-20 09:45:20.552,2024-06-20 09:45:24.081,4,2.3144052863436126,17.055144968732236,34.11028993746447,Yes,Test 02
BFI,Neutral,2024-06-20 09:45:24.081,2024-06-20 09:45:27.736,3,2.2532478632478634,16.528925619834713,33.057851239669425,Yes,Test 02
BFI,Neutral,2024-06-20 09:45:27.736,2024-06-20 09:45:30.368,3,2.188639053254438,137.50954927425516,91.67303284950344,Yes,Test 02
BFI,Agree,2024-06-20 09:45:30.368,2024-06-20 09:45:35.456,2,2.1556231003039517,59.04349537492619,106.27829167486713,Yes,Test 02
BFI,Disagree,2024-06-20 09:45:35.456,2024-06-20 09:45:39.008,2,2.3963157894736837,0.0,0.0,No,Test 02
FQ,5,2024-06-20 09:45:39.008,2024-06-20 09:45:44.792,5,2.2083513513513515,31.25,41.666666666666664,Yes,Test 02
FQ,5,2024-06-20 09:45:44.792,2024-06-20 09:45:51.112,5,2.1050614250614252,19.02044698050404,19.02044698050404,Yes,Test 02
FQ,3,2024-06-20 09:45:51.112,2024-06-20 09:45:58.993,3,1.9837301587301586,45.87740537785141,129.98598190391232,Yes,Test 02
FQ,3,2024-06-20 09:45:58.993,2024-06-20 09:46:02.209,3,1.8346601941747573,187.26591760299624,299.625468164794,Yes,Test 02
FQ,1,2024-06-20 09:46:02.209,2024-06-20 09:46:08.640,1,2.0749636803874094,28.063610851262865,65.48175865294668,Yes,Test 02
FQ,2 - slightly avoid it,2024-06-20 09:46:08.640,2024-06-20 09:46:11.384,2,2.2606818181818182,43.82761139517896,65.74141709276844,Yes,Test 02
FQ,5,2024-06-20 09:46:11.384,2024-06-20 09:46:15.296,5,1.694382470119522,46.260601387818035,185.04240555127214,Yes,Test 02
FQ,5,2024-06-20 09:46:15.296,2024-06-20 09:46:20.249,5,2.2694339622641513,12.145748987854251,48.582995951417004,Yes,Test 02
FQ,5,2024-06-20 09:46:20.249,2024-06-20 09:46:26.169,5,2.507598944591029,20.338983050847457,50.84745762711864,Yes,Test 02
FQ,5,2024-06-20 09:46:26.169,2024-06-20 09:46:28.689,5,2.318036809815951,23.837902264600714,47.67580452920143,Yes,Test 02
FQ,5,2024-06-20 09:46:28.689,2024-06-20 09:46:32.521,5,2.1984897959183667,15.764582238570679,63.058328954282715,Yes,Test 02
FQ,5,2024-06-20 09:46:32.521,2024-06-20 09:46:36.689,5,1.5563432835820896,115.69052783803326,404.9168474331164,Yes,Test 02
FQ,3,2024-06-20 09:46:36.689,2024-06-20 09:46:40.176,3,1.8560714285714286,34.45305770887166,292.8509905254091,Yes,Test 02
FQ,3,2024-06-20 09:46:40.176,2024-06-20 09:46:43.753,3,1.8070869565217391,151.4726507713885,134.6423562412342,Yes,Test 02
FQ,3,2024-06-20 09:46:43.753,2024-06-20 09:46:47.793,3,1.5461003861003861,254.04732254047323,433.37484433374846,Yes,Test 02
FQ,3,2024-06-20 09:46:47.793,2024-06-20 09:46:52.264,3,1.868181818181818,215.73033707865167,458.4269662921348,Yes,Test 02
FQ,3,2024-06-20 09:46:52.264,2024-06-20 09:47:00.705,3,2.254750462107209,64.04174573055028,149.43074003795064,Yes,Test 02
FQ,0 - no phobias present,2024-06-20 09:47:00.705,2024-06-20 09:47:08.832,0,2.2051915708812264,22.178413011335632,51.74963035978314,Yes,Test 02
FQ,3,2024-06-20 09:47:08.832,2024-06-20 09:47:16.792,3,1.896849315068493,233.93283863664948,241.4790592378317,Yes,Test 02
FQ,1,2024-06-20 09:47:16.792,2024-06-20 09:47:22.721,1,2.353657894736842,81.35593220338983,193.22033898305082,Yes,Test 02
FQ,3,2024-06-20 09:47:22.721,2024-06-20 09:47:25.504,3,2.422290502793296,108.26416456153014,173.22266329844823,Yes,Test 02
FQ,3,2024-06-20 09:47:25.504,2024-06-20 09:47:29.808,3,2.4280144404332127,41.8702023726448,41.8702023726448,Yes,Test 02
FQ,3,2024-06-20 09:47:29.808,2024-06-20 09:47:34.825,3,2.2278260869565214,60.04803843074459,120.09607686148918,Yes,Test 02
FQ,3,2024-06-20 09:47:34.825,2024-06-20 09:47:38.769,3,2.570553359683794,30.495552731893262,0.0,Yes,Test 02
HADS,From time to time; occasionally,2024-06-24 12:48:35.382,2024-06-24 12:48:39.486,1,2.634106463878327,0.0,0.0,Yes,Test 03
HADS,Not quite so much,2024-06-24 12:48:39.486,2024-06-24 12:48:47.773,1,2.4232706766917294,29.038112522686024,21.77858439201452,Yes,Test 03
HADS,A little; but it doesn't worry me,2024-06-24 12:48:47.773,2024-06-24 12:48:51.645,1,2.4518951612903224,0.0,0.0,No,Test 03
HADS,Not quite so much now,2024-06-24 12:48:51.645,2024-06-24 12:48:58.140,1,2.3908872901678655,0.0,9.253547193090684,No,Test 03
HADS,From time to time; but not too often,2024-06-24 12:48:58.140,2024-06-24 12:49:01.077,1,2.3488359788359787,0.0,0.0,No,Test 03
HADS,Sometimes,2024-06-24 12:49:01.077,2024-06-24 12:49:04.420,1,2.3003255813953487,0.0,18.028846153846153,Yes,Test 03
HADS,Usually,2024-06-24 12:49:04.420,2024-06-24 12:49:07.429,1,2.3879274611398964,0.0,0.0,No,Test 03
HADS,Sometimes,2024-06-24 12:49:07.429,2024-06-24 12:49:09.861,1,2.346064516129032,0.0,0.0,No,Test 03
HADS,Occasionally,2024-06-24 12:49:09.861,2024-06-24 12:49:14.725,1,2.3934185303514375,0.0,0.0,No,Test 03
HADS,I may not take quite as much care,2024-06-24 12:49:14.725,2024-06-24 12:49:21.165,1,2.364309927360775,9.337068160597573,0.0,No,Test 03
HADS,Not very much,2024-06-24 12:49:21.165,2024-06-24 12:49:24.076,1,2.3316577540106955,0.0,0.0,No,Test 03
HADS,Rather less than I used to,2024-06-24 12:49:24.076,2024-06-24 12:49:28.668,1,2.306813559322034,39.447731755424066,13.149243918474689,Yes,Test 03
HADS,Not very often,2024-06-24 12:49:28.668,2024-06-24 12:49:36.404,1,2.093158953722334,69.89386487186124,93.19181982914833,Yes,Test 03
HADS,Sometimes,2024-06-24 12:49:36.404,2024-06-24 12:49:38.780,1,2.3579738562091506,0.0,0.0,No,Test 03
STAI-S,Somewhat,2024-06-24 12:49:38.780,2024-06-24 12:49:41.508,3,2.343085714285714,0.0,0.0,No,Test 03
STAI-S,Somewhat,2024-06-24 12:49:41.508,2024-06-24 12:49:44.060,3,2.3039634146341466,0.0,0.0,No,Test 03
STAI-S,Somewhat,2024-06-24 12:49:44.060,2024-06-24 12:49:45.940,2,2.312892561983471,0.0,0.0,No,Test 03
STAI-S,Moderately,2024-06-24 12:49:45.940,2024-06-24 12:49:49.732,3,2.21905737704918,63.458487572712855,63.458487572712855,Yes,Test 03
STAI-S,Somewhat,2024-06-24 12:49:49.732,2024-06-24 12:49:52.028,3,2.2675,26.23524267599475,26.23524267599475,Yes,Test 03
STAI-S,Somewhat,2024-06-24 12:49:52.028,2024-06-24 12:49:54.932,2,2.2080107526881716,41.69562195969423,62.54343293954134,Yes,Test 03
STAI-S,Somewhat,2024-06-24 12:49:54.932,2024-06-24 12:49:58.236,2,2.287605633802817,18.3094293561184,36.6188587122368,Yes,Test 03
STAI-S,Somewhat,2024-06-24 12:49:58.236,2024-06-24 12:50:00.828,3,2.305029940119761,0.0,0.0,No,Test 03
STAI-S,Moderately,2024-06-24 12:50:00.828,2024-06-24 12:50:02.988,3,2.2682733812949643,0.0,27.932960893854744,Yes,Test 03
STAI-S,Moderately,2024-06-24 12:50:02.988,2024-06-24 12:50:05.404,2,2.309741935483871,25.052192066805844,50.10438413361169,Yes,Test 03
STAI-S,Moderately,2024-06-24 12:50:05.404,2024-06-24 12:50:07.212,2,2.3029310344827585,0.0,0.0,No,Test 03
STAI-S,Somewhat,2024-06-24 12:50:07.212,2024-06-24 12:50:09.413,2,2.3090070921985815,0.0,27.44739249771272,Yes,Test 03
STAI-S,Somewhat,2024-06-24 12:50:09.413,2024-06-24 12:50:12.756,2,2.1965581395348837,36.101083032490976,18.050541516245488,Yes,Test 03
STAI-S,Moderately,2024-06-24 12:50:12.756,2024-06-24 12:50:16.164,3,2.1273636363636363,53.01914580265096,88.36524300441826,Yes,Test 03
STAI-S,Somewhat,2024-06-24 12:50:16.164,2024-06-24 12:50:18.652,3,2.317639751552795,0.0,0.0,No,Test 03
STAI-S,Somewhat,2024-06-24 12:50:18.652,2024-06-24 12:50:21.308,3,2.2578698224852065,45.74914220358368,68.62371330537552,Yes,Test 03
STAI-S,Moderately,2024-06-24 12:50:21.308,2024-06-24 12:50:25.228,3,2.2095219123505974,107.71992818671454,76.94280584765323,Yes,Test 03
STAI-S,Somewhat,2024-06-24 12:50:25.228,2024-06-24 12:50:28.004,2,2.1849162011173187,43.47826086956522,43.47826086956522,Yes,Test 03
STAI-S,Somewhat,2024-06-24 12:50:28.004,2024-06-24 12:50:30.780,3,2.322569832402235,0.0,0.0,No,Test 03
STAI-S,Somewhat,2024-06-24 12:50:30.780,2024-06-24 12:50:32.852,3,2.1727611940298512,29.11208151382824,29.11208151382824,Yes,Test 03
STAI-T,Often,2024-06-24 12:50:32.852,2024-06-24 12:50:36.220,2,2.2564351851851856,17.899761336515514,35.79952267303103,Yes,Test 03
STAI-T,Sometimes,2024-06-24 12:50:36.220,2024-06-24 12:50:38.668,2,2.0054140127388536,123.71134020618558,98.96907216494846,Yes,Test 03
STAI-T,Almost Never,2024-06-24 12:50:38.668,2024-06-24 12:50:41.388,4,2.2599431818181817,44.34589800443459,66.51884700665188,Yes,Test 03
STAI-T,Sometimes,2024-06-24 12:50:41.388,2024-06-24 12:50:45.340,2,2.136126482213439,45.81318401628913,76.35530669381521,Yes,Test 03
STAI-T,Sometimes,2024-06-24 12:50:45.340,2024-06-24 12:50:48.196,2,2.3001639344262297,0.0,0.0,No,Test 03
STAI-T,Sometimes,2024-06-24 12:50:48.196,2024-06-24 12:50:51.052,3,2.0536612021857925,84.32888264230499,63.24666198172874,Yes,Test 03
STAI-T,Often,2024-06-24 12:50:51.052,2024-06-24 12:50:53.036,2,2.2874418604651163,0.0,0.0,No,Test 03
STAI-T,Sometimes,2024-06-24 12:50:53.036,2024-06-24 12:50:56.092,2,2.2144897959183676,0.0,0.0,No,Test 03
STAI-T,Sometimes,2024-06-24 12:50:56.092,2024-06-24 12:50:59.180,2,2.1654773869346737,19.48051948051948,19.48051948051948,Yes,Test 03
STAI-T,Often,2024-06-24 12:50:59.180,2024-06-24 12:51:00.868,2,2.043302752293578,142.94222751637878,107.20667063728409,Yes,Test 03
STAI-T,Often,2024-06-24 12:51:00.868,2024-06-24 12:51:03.612,3,2.1281818181818184,43.891733723482076,43.891733723482076,Yes,Test 03
STAI-T,Sometimes,2024-06-24 12:51:03.612,2024-06-24 12:51:05.484,2,2.302148760330579,32.327586206896555,0.0,Yes,Test 03
STAI-T,Often,2024-06-24 12:51:05.484,2024-06-24 12:51:07.468,2,2.0304687500000003,91.324200913242,60.882800608828,Yes,Test 03
STAI-T,Sometimes,2024-06-24 12:51:07.468,2024-06-24 12:51:11.468,3,2.0283203125,60.37735849056603,90.56603773584905,Yes,Test 03
STAI-T,Sometimes,2024-06-24 12:51:11.468,2024-06-24 12:51:13.748,2,2.051768707482993,79.64601769911506,79.64601769911506,Yes,Test 03
STAI-T,Often,2024-06-24 12:51:13.748,2024-06-24 12:51:18.516,2,2.1816938110749184,62.94586655476291,62.94586655476291,Yes,Test 03
STAI-T,Often,2024-06-24 12:51:18.516,2024-06-24 12:51:21.244,3,2.173542857142857,22.197558268590456,22.197558268590456,Yes,Test 03
STAI-T,Often,2024-06-24 12:51:21.244,2024-06-24 12:51:24.060,3,2.292817679558011,0.0,0.0,No,Test 03
STAI-T,Often,2024-06-24 12:51:24.060,2024-06-24 12:51:26.164,2,2.0574074074074074,86.08321377331418,86.08321377331418,Yes,Test 03
STAI-T,Sometimes,2024-06-24 12:51:26.164,2024-06-24 12:51:30.412,2,2.201715328467153,28.348688873139622,42.52303330970943,Yes,Test 03
BFI,Agree,2024-06-24 12:51:30.412,2024-06-24 12:51:36.316,4,2.191372031662269,71.3436385255648,61.15169016476983,Yes,Test 03
BFI,Neutral,2024-06-24 12:51:36.316,2024-06-24 12:51:40.820,3,1.9857093425605536,160.46356139959883,133.7196344996657,Yes,Test 03
BFI,Neutral,2024-06-24 12:51:40.820,2024-06-24 12:51:45.012,3,2.2432342007434944,71.70172084130019,100.38240917782025,Yes,Test 03
BFI,Disagree,2024-06-24 12:51:45.012,2024-06-24 12:51:48.324,2,2.10093896713615,91.01941747572816,109.2233009708738,Yes,Test 03
BFI,Agree,2024-06-24 12:51:48.324,2024-06-24 12:51:51.012,2,2.282138728323699,22.404779686333086,22.404779686333086,Yes,Test 03
BFI,Disagree,2024-06-24 12:51:51.012,2024-06-24 12:51:54.724,4,2.3026050420168067,16.304347826086957,16.304347826086957,Yes,Test 03
BFI,Neutral,2024-06-24 12:51:54.724,2024-06-24 12:51:57.348,3,2.3740236686390532,0.0,0.0,No,Test 03
BFI,Agree,2024-06-24 12:51:57.348,2024-06-24 12:52:01.604,4,2.193553113553113,28.362089340581427,28.362089340581427,Yes,Test 03
BFI,Neutral,2024-06-24 12:52:01.604,2024-06-24 12:52:04.292,3,2.1826162790697676,22.547914317925592,45.095828635851184,Yes,Test 03
BFI,Disagree,2024-06-24 12:52:04.292,2024-06-24 12:52:06.788,2,2.335590062111801,0.0,0.0,No,Test 03
FQ,2 - slightly avoid it,2024-06-24 12:52:06.788,2024-06-24 12:52:10.661,2,2.158755020080321,78.10466024472794,46.862796146836764,Yes,Test 03
FQ,2 - slightly avoid it,2024-06-24 12:52:10.661,2024-06-24 12:52:12.316,2,2.3869158878504675,0.0,0.0,No,Test 03
FQ,3,2024-06-24 12:52:12.316,2024-06-24 12:52:15.308,3,2.347823834196891,0.0,0.0,No,Test 03
FQ,3,2024-06-24 12:52:15.308,2024-06-24 12:52:17.452,3,2.2128260869565217,56.258790436005626,56.258790436005626,Yes,Test 03
FQ,1,2024-06-24 12:52:17.452,2024-06-24 12:52:24.772,1,2.2168297872340426,16.42485628250753,32.84971256501506,Yes,Test 03
FQ,2 - slightly avoid it,2024-06-24 12:52:24.772,2024-06-24 12:52:27.172,2,2.2452258064516126,0.0,25.062656641604008,Yes,Test 03
FQ,4 - definitely avoid it,2024-06-24 12:52:27.172,2024-06-24 12:52:31.165,4,2.3323828125,0.0,15.113350125944585,No,Test 03
FQ,2 - slightly avoid it,2024-06-24 12:52:31.165,2024-06-24 12:52:35.476,2,2.337509025270758,0.0,0.0,No,Test 03
FQ,3,2024-06-24 12:52:35.476,2024-06-24 12:52:39.540,3,1.944236641221374,103.52477199901404,133.10327828444662,Yes,Test 03
FQ,4 - definitely avoid it,2024-06-24 12:52:39.540,2024-06-24 12:52:42.988,4,1.8852252252252255,87.1839581517001,156.93112467306017,Yes,Test 03
FQ,3,2024-06-24 12:52:42.988,2024-06-24 12:52:45.780,3,2.3515642458100556,21.68413444163354,0.0,Yes,Test 03
FQ,3,2024-06-24 12:52:45.780,2024-06-24 12:52:49.964,3,2.243977695167286,57.47126436781608,71.8390804597701,Yes,Test 03
FQ,1,2024-06-24 12:52:49.964,2024-06-24 12:52:54.772,1,2.0140259740259743,87.77429467084639,112.85266457680251,Yes,Test 03
FQ,3,2024-06-24 12:52:54.772,2024-06-24 12:52:58.444,3,2.0808474576271188,82.16926869350864,49.30156121610518,Yes,Test 03
FQ,3,2024-06-24 12:52:58.444,2024-06-24 12:53:00.940,3,2.2477639751552796,0.0,48.192771084337345,Yes,Test 03
FQ,2 - slightly avoid it,2024-06-24 12:53:00.940,2024-06-24 12:53:05.268,2,2.288772563176895,0.0,0.0,No,Test 03
FQ,2 - slightly avoid it,2024-06-24 12:53:05.268,2024-06-24 12:53:08.292,2,2.275025641025641,19.953441968739607,19.953441968739607,Yes,Test 03
FQ,1,2024-06-24 12:53:08.292,2024-06-24 12:53:15.020,1,2.0936720554272514,89.2193308550186,107.06319702602231,Yes,Test 03
FQ,2 - slightly troublesome,2024-06-24 12:53:15.020,2024-06-24 12:53:19.660,2,2.232962962962963,39.028620988725066,26.019080659150042,Yes,Test 03
FQ,2 - slightly troublesome,2024-06-24 12:53:19.660,2024-06-24 12:53:22.284,2,2.336923076923077,22.953328232593726,22.953328232593726,Yes,Test 03
FQ,3,2024-06-24 12:53:22.284,2024-06-24 12:53:25.300,3,2.4269072164948455,19.90049751243781,0.0,Yes,Test 03
FQ,2 - slightly troublesome,2024-06-24 12:53:25.300,2024-06-24 12:53:28.757,2,2.0609459459459463,174.3679163034002,191.8047079337402,Yes,Test 03
FQ,1,2024-06-24 12:53:28.757,2024-06-24 12:53:32.541,1,2.250082304526749,31.838684001061285,31.838684001061285,Yes,Test 03
FQ,2 - slightly troublesome,2024-06-24 12:53:32.541,2024-06-24 12:53:36.181,2,2.145854700854701,66.18863761720905,33.09431880860453,Yes,Test 03
