Type,Question,Start Time,End Time,Score,Average Pupil Dilation,Average Left Blink Rate,Average Right Blink Rate,Sign of Anxiety,Pupil Dilation Increase,Left Blink Rate Increase,Right Blink Rate Increase,Test
HADS,From time to time; occasionally,2024-06-13 11:30:18.058,2024-06-13 11:30:30.793,1,3.14,4.72,4.72,Yes,Yes,No,No,Test 01
HADS,Not quite so much,2024-06-13 11:30:30.793,2024-06-13 11:30:38.713,1,2.95,7.59,0.0,Yes,Yes,No,No,Test 01
HADS,Yes; but not too badly,2024-06-13 11:30:38.713,2024-06-13 11:30:46.577,2,2.9,0.0,7.65,Yes,Yes,No,No,Test 01
HADS,Not quite so much now,2024-06-13 11:30:46.577,2024-06-13 11:30:54.409,1,2.92,0.0,0.0,Yes,Yes,No,No,Test 01
HADS,From time to time; but not too often,2024-06-13 11:30:54.409,2024-06-13 11:30:57.497,1,2.92,0.0,0.0,Yes,Yes,No,No,Test 01
HADS,Sometimes,2024-06-13 11:30:57.497,2024-06-13 11:31:03.497,1,2.88,20.06,30.09,Yes,Yes,Yes,Yes,Test 01
HADS,Usually,2024-06-13 11:31:03.497,2024-06-13 11:31:08.945,1,2.79,11.05,11.05,Yes,Yes,No,No,Test 01
HADS,Very often,2024-06-13 11:31:08.945,2024-06-13 11:31:14.665,2,2.8,42.05,31.53,Yes,Yes,Yes,Yes,Test 01
HADS,Occasionally,2024-06-13 11:31:14.665,2024-06-13 11:31:17.961,1,2.75,18.3,0.0,Yes,Yes,Yes,No,Test 01
HADS,I may not take quite as much care,2024-06-13 11:31:17.961,2024-06-13 11:31:40.698,1,2.78,15.84,13.2,Yes,Yes,Yes,No,Test 01
HADS,Quite a lot,2024-06-13 11:31:40.698,2024-06-13 11:31:50.313,2,2.78,31.24,31.24,Yes,Yes,Yes,Yes,Test 01
HADS,Rather less than I used to,2024-06-13 11:31:50.313,2024-06-13 11:31:57.265,1,2.74,0.0,0.0,Yes,Yes,No,No,Test 01
HADS,Not very often,2024-06-13 11:31:57.265,2024-06-13 11:32:02.833,1,2.63,43.13,53.91,Yes,Yes,Yes,Yes,Test 01
HADS,Not often,2024-06-13 11:32:02.833,2024-06-13 11:32:10.209,2,2.62,8.17,8.17,Yes,Yes,No,No,Test 01
STAI-S,Somewhat,2024-06-13 11:32:10.209,2024-06-13 11:32:19.297,3,2.64,6.62,13.23,Yes,Yes,No,No,Test 01
STAI-S,Somewhat,2024-06-13 11:32:19.297,2024-06-13 11:32:21.313,3,2.8,0.0,0.0,Yes,Yes,No,No,Test 01
STAI-S,Moderately,2024-06-13 11:32:21.313,2024-06-13 11:32:30.065,3,2.84,20.62,41.23,Yes,Yes,Yes,Yes,Test 01
STAI-S,Somewhat,2024-06-13 11:32:30.065,2024-06-13 11:32:35.233,2,2.65,34.85,46.47,Yes,Yes,Yes,Yes,Test 01
STAI-S,Somewhat,2024-06-13 11:32:35.233,2024-06-13 11:32:37.778,3,2.63,47.52,47.52,Yes,Yes,Yes,Yes,Test 01
STAI-S,Somewhat,2024-06-13 11:32:37.778,2024-06-13 11:32:42.745,2,2.65,24.31,36.47,Yes,Yes,Yes,Yes,Test 01
STAI-S,Moderately,2024-06-13 11:32:42.745,2024-06-13 11:32:49.897,3,2.63,58.86,58.86,Yes,Yes,Yes,Yes,Test 01
STAI-S,Not at all,2024-06-13 11:32:49.897,2024-06-13 11:32:55.314,4,2.67,0.0,0.0,Yes,Yes,No,No,Test 01
STAI-S,Somewhat,2024-06-13 11:32:55.314,2024-06-13 11:32:59.777,2,2.54,67.61,94.66,Yes,Yes,Yes,Yes,Test 01
STAI-S,Somewhat,2024-06-13 11:32:59.777,2024-06-13 11:33:06.793,3,2.64,51.33,34.22,Yes,Yes,Yes,Yes,Test 01
STAI-S,Moderately,2024-06-13 11:33:06.793,2024-06-13 11:33:09.562,2,2.64,21.87,43.75,Yes,Yes,Yes,Yes,Test 01
STAI-S,Somewhat,2024-06-13 11:33:09.562,2024-06-13 11:33:11.793,2,2.71,0.0,0.0,Yes,Yes,No,No,Test 01
STAI-S,Not at all,2024-06-13 11:33:11.793,2024-06-13 11:33:21.145,1,2.69,19.28,64.25,Yes,Yes,Yes,Yes,Test 01
STAI-S,Not at all,2024-06-13 11:33:21.145,2024-06-13 11:33:28.945,1,3.0,23.15,38.59,Yes,Yes,Yes,Yes,Test 01
STAI-S,Somewhat,2024-06-13 11:33:28.945,2024-06-13 11:33:31.113,3,2.94,27.89,27.89,Yes,Yes,Yes,Yes,Test 01
STAI-S,Very much,2024-06-13 11:33:31.113,2024-06-13 11:33:36.737,1,2.9,21.38,10.69,Yes,Yes,Yes,No,Test 01
STAI-S,Moderately,2024-06-13 11:33:36.737,2024-06-13 11:33:40.353,3,2.87,33.39,16.69,Yes,Yes,Yes,No,Test 01
STAI-S,Moderately,2024-06-13 11:33:40.353,2024-06-13 11:33:54.049,3,2.87,4.39,0.0,Yes,Yes,No,No,Test 01
STAI-S,Moderately,2024-06-13 11:33:54.049,2024-06-13 11:34:01.009,2,2.75,34.61,86.52,Yes,Yes,Yes,Yes,Test 01
STAI-S,Moderately,2024-06-13 11:34:01.009,2024-06-13 11:34:04.578,2,2.82,33.73,33.73,Yes,Yes,Yes,Yes,Test 01
STAI-T,Often,2024-06-13 11:34:04.578,2024-06-13 11:34:08.721,2,2.81,14.53,14.53,Yes,Yes,No,No,Test 01
STAI-T,Sometimes,2024-06-13 11:34:08.721,2024-06-13 11:34:12.361,2,2.96,16.52,0.0,Yes,Yes,Yes,No,Test 01
STAI-T,Almost Never,2024-06-13 11:34:12.361,2024-06-13 11:34:17.209,4,2.94,0.0,0.0,Yes,Yes,No,No,Test 01
STAI-T,Sometimes,2024-06-13 11:34:17.209,2024-06-13 11:34:21.681,2,2.85,13.46,13.46,Yes,Yes,No,No,Test 01
STAI-T,Sometimes,2024-06-13 11:34:21.681,2024-06-13 11:34:28.041,2,2.85,9.46,9.46,Yes,Yes,No,No,Test 01
STAI-T,Sometimes,2024-06-13 11:34:28.041,2024-06-13 11:34:31.050,3,2.81,20.01,20.01,Yes,Yes,Yes,Yes,Test 01
STAI-T,Sometimes,2024-06-13 11:34:31.050,2024-06-13 11:34:33.561,3,2.8,24.11,48.21,Yes,Yes,Yes,Yes,Test 01
STAI-T,Sometimes,2024-06-13 11:34:33.561,2024-06-13 11:34:40.481,2,3.05,8.67,8.67,Yes,Yes,No,No,Test 01
STAI-T,Almost Always,2024-06-13 11:34:40.481,2024-06-13 11:34:46.353,4,2.86,10.26,10.26,Yes,Yes,No,No,Test 01
STAI-T,Sometimes,2024-06-13 11:34:46.353,2024-06-13 11:34:51.169,3,2.77,37.6,75.2,Yes,Yes,Yes,Yes,Test 01
STAI-T,Almost Always,2024-06-13 11:34:51.169,2024-06-13 11:34:54.593,4,2.91,17.6,0.0,Yes,Yes,Yes,No,Test 01
STAI-T,Sometimes,2024-06-13 11:34:54.593,2024-06-13 11:34:57.505,2,2.92,0.0,20.75,Yes,Yes,No,Yes,Test 01
STAI-T,Sometimes,2024-06-13 11:34:57.505,2024-06-13 11:34:59.569,3,2.79,29.37,29.37,Yes,Yes,Yes,Yes,Test 01
STAI-T,Often,2024-06-13 11:34:59.569,2024-06-13 11:35:03.801,2,2.81,0.0,0.0,Yes,Yes,No,No,Test 01
STAI-T,Sometimes,2024-06-13 11:35:03.801,2024-06-13 11:35:06.105,2,2.83,0.0,0.0,Yes,Yes,No,No,Test 01
STAI-T,Often,2024-06-13 11:35:06.105,2024-06-13 11:35:09.481,2,2.76,17.83,0.0,Yes,Yes,Yes,No,Test 01
STAI-T,Often,2024-06-13 11:35:09.481,2024-06-13 11:35:17.481,3,2.78,7.52,15.04,Yes,Yes,No,No,Test 01
STAI-T,Often,2024-06-13 11:35:17.481,2024-06-13 11:35:21.721,3,2.82,0.0,0.0,Yes,Yes,No,No,Test 01
STAI-T,Often,2024-06-13 11:35:21.721,2024-06-13 11:35:25.705,2,2.82,30.25,30.25,Yes,Yes,Yes,Yes,Test 01
STAI-T,Sometimes,2024-06-13 11:35:25.705,2024-06-13 11:35:30.105,2,2.83,0.0,13.72,Yes,Yes,No,No,Test 01
BFI,Strongly agree,2024-06-13 11:35:30.105,2024-06-13 11:35:33.601,5,2.87,0.0,0.0,Yes,Yes,No,No,Test 01
BFI,Neutral,2024-06-13 11:35:33.601,2024-06-13 11:35:37.025,3,2.9,17.54,35.08,Yes,Yes,Yes,Yes,Test 01
BFI,Neutral,2024-06-13 11:35:37.025,2024-06-13 11:35:41.153,3,2.91,0.0,14.6,Yes,Yes,No,No,Test 01
BFI,Disagree,2024-06-13 11:35:41.153,2024-06-13 11:35:45.337,2,2.87,28.81,28.81,Yes,Yes,Yes,Yes,Test 01
BFI,Agree,2024-06-13 11:35:45.337,2024-06-13 11:35:49.009,2,2.84,0.0,0.0,Yes,Yes,No,No,Test 01
BFI,Disagree,2024-06-13 11:35:49.009,2024-06-13 11:35:52.537,4,2.86,0.0,0.0,Yes,Yes,No,No,Test 01
BFI,Neutral,2024-06-13 11:35:52.537,2024-06-13 11:35:56.169,3,2.86,0.0,16.56,Yes,Yes,No,No,Test 01
BFI,Agree,2024-06-13 11:35:56.169,2024-06-13 11:35:58.753,4,2.92,0.0,0.0,Yes,Yes,No,No,Test 01
BFI,Agree,2024-06-13 11:35:58.753,2024-06-13 11:36:03.001,4,2.8,28.3,28.3,Yes,Yes,Yes,Yes,Test 01
BFI,Disagree,2024-06-13 11:36:03.001,2024-06-13 11:36:06.937,2,2.82,15.36,15.36,Yes,Yes,No,No,Test 01
FQ,3,2024-06-13 11:36:06.937,2024-06-13 11:36:16.666,3,2.78,37.11,43.29,Yes,Yes,Yes,Yes,Test 01
FQ,6 - markedly avoid it,2024-06-13 11:36:16.666,2024-06-13 11:36:27.337,6,2.93,5.63,28.13,Yes,Yes,No,Yes,Test 01
FQ,5,2024-06-13 11:36:27.337,2024-06-13 11:36:32.129,5,2.96,12.54,12.54,Yes,Yes,No,No,Test 01
FQ,4 - definitely avoid it,2024-06-13 11:36:32.129,2024-06-13 11:36:36.673,4,2.83,26.56,13.28,Yes,Yes,Yes,No,Test 01
FQ,1,2024-06-13 11:36:36.673,2024-06-13 11:36:46.009,1,2.77,12.88,25.76,Yes,Yes,No,Yes,Test 01
FQ,1,2024-06-13 11:36:46.009,2024-06-13 11:36:52.025,1,2.86,0.0,10.01,Yes,Yes,No,No,Test 01
FQ,6 - markedly avoid it,2024-06-13 11:36:52.025,2024-06-13 11:36:57.185,6,2.79,23.32,23.32,Yes,Yes,Yes,Yes,Test 01
FQ,4 - definitely avoid it,2024-06-13 11:36:57.185,2024-06-13 11:37:06.417,4,2.82,19.53,6.51,Yes,Yes,Yes,No,Test 01
FQ,3,2024-06-13 11:37:06.417,2024-06-13 11:37:12.273,3,2.81,20.51,41.03,Yes,Yes,Yes,Yes,Test 01
FQ,6 - markedly avoid it,2024-06-13 11:37:12.273,2024-06-13 11:37:16.105,6,2.9,15.75,15.75,Yes,Yes,Yes,No,Test 01
FQ,5,2024-06-13 11:37:16.105,2024-06-13 11:37:19.129,5,2.72,40.0,80.0,Yes,Yes,Yes,Yes,Test 01
FQ,6 - markedly avoid it,2024-06-13 11:37:19.129,2024-06-13 11:37:27.129,6,2.81,15.03,15.03,Yes,Yes,No,No,Test 01
FQ,2 - slightly avoid it,2024-06-13 11:37:27.129,2024-06-13 11:37:31.945,2,2.72,25.06,12.53,Yes,Yes,Yes,No,Test 01
FQ,5,2024-06-13 11:37:31.945,2024-06-13 11:37:37.321,5,2.73,22.38,22.38,Yes,Yes,Yes,Yes,Test 01
FQ,4 - definitely avoid it,2024-06-13 11:37:37.321,2024-06-13 11:37:47.728,4,2.86,40.39,28.85,Yes,Yes,Yes,Yes,Test 01
FQ,4 - definitely avoid it,2024-06-13 11:37:47.728,2024-06-13 11:37:56.393,4,2.73,41.6,41.6,Yes,Yes,Yes,Yes,Test 01
FQ,5,2024-06-13 11:37:56.393,2024-06-13 11:38:06.193,5,2.73,6.14,18.42,Yes,Yes,No,Yes,Test 01
FQ,1,2024-06-13 11:38:06.193,2024-06-13 11:38:13.608,1,2.73,8.1,8.1,Yes,Yes,No,No,Test 01
FQ,2 - slightly troublesome,2024-06-13 11:38:13.608,2024-06-13 11:38:21.088,2,2.71,8.04,16.09,Yes,Yes,No,No,Test 01
FQ,2 - slightly troublesome,2024-06-13 11:38:21.088,2024-06-13 11:38:26.769,2,2.68,10.61,10.61,Yes,Yes,No,No,Test 01
FQ,3,2024-06-13 11:38:26.769,2024-06-13 11:38:33.226,3,2.81,0.0,0.0,Yes,Yes,No,No,Test 01
FQ,3,2024-06-13 11:38:33.226,2024-06-13 11:38:37.793,3,2.75,0.0,0.0,Yes,Yes,No,No,Test 01
FQ,3,2024-06-13 11:38:37.793,2024-06-13 11:38:43.441,3,2.73,32.02,42.69,Yes,Yes,Yes,Yes,Test 01
FQ,3,2024-06-13 11:38:43.441,2024-06-13 11:38:46.633,3,2.79,0.0,0.0,Yes,Yes,No,No,Test 01
HADS,From time to time; occasionally,2024-06-20 09:41:08.961,2024-06-20 09:41:14.480,1,1.54,0.0,21.82,Yes,No,No,Yes,Test 02
HADS,Only a little,2024-06-20 09:41:14.480,2024-06-20 09:41:23.096,2,1.6,20.93,27.9,Yes,No,Yes,Yes,Test 02
HADS,Yes; but not too badly,2024-06-20 09:41:23.096,2024-06-20 09:41:30.592,2,2.16,0.0,0.0,No,No,No,No,Test 02
HADS,Not quite so much now,2024-06-20 09:41:30.592,2024-06-20 09:41:36.872,1,2.14,0.0,0.0,No,No,No,No,Test 02
HADS,From time to time; but not too often,2024-06-20 09:41:36.872,2024-06-20 09:41:39.784,1,2.09,0.0,0.0,No,No,No,No,Test 02
HADS,Sometimes,2024-06-20 09:41:39.784,2024-06-20 09:41:44.233,1,2.0,13.52,27.05,Yes,No,No,Yes,Test 02
HADS,Usually,2024-06-20 09:41:44.233,2024-06-20 09:41:48.488,1,2.02,14.14,28.28,Yes,No,No,Yes,Test 02
HADS,Sometimes,2024-06-20 09:41:48.488,2024-06-20 09:41:51.952,1,2.05,17.45,17.45,Yes,No,Yes,Yes,Test 02
HADS,Occasionally,2024-06-20 09:41:51.952,2024-06-20 09:41:57.016,1,1.96,0.0,0.0,No,No,No,No,Test 02
HADS,I may not take quite as much care,2024-06-20 09:41:57.016,2024-06-20 09:42:06.240,1,2.01,0.0,0.0,No,No,No,No,Test 02
HADS,Not very much,2024-06-20 09:42:06.240,2024-06-20 09:42:10.496,1,2.0,0.0,0.0,No,No,No,No,Test 02
HADS,Rather less than I used to,2024-06-20 09:42:10.496,2024-06-20 09:42:18.824,1,1.91,43.26,43.26,Yes,No,Yes,Yes,Test 02
HADS,Not very often,2024-06-20 09:42:18.824,2024-06-20 09:42:22.376,1,2.03,0.0,0.0,No,No,No,No,Test 02
HADS,Sometimes,2024-06-20 09:42:22.376,2024-06-20 09:42:25.577,1,2.07,0.0,18.82,Yes,No,No,Yes,Test 02
STAI-S,Somewhat,2024-06-20 09:42:25.577,2024-06-20 09:42:30.416,3,1.99,111.92,99.48,Yes,No,Yes,Yes,Test 02
STAI-S,Somewhat,2024-06-20 09:42:30.416,2024-06-20 09:42:34.953,3,1.95,26.56,53.12,Yes,No,Yes,Yes,Test 02
STAI-S,Moderately,2024-06-20 09:42:34.953,2024-06-20 09:42:39.688,3,1.86,50.79,50.79,Yes,No,Yes,Yes,Test 02
STAI-S,Somewhat,2024-06-20 09:42:39.688,2024-06-20 09:42:42.881,2,1.82,18.99,56.98,Yes,No,Yes,Yes,Test 02
STAI-S,Somewhat,2024-06-20 09:42:42.881,2024-06-20 09:42:45.705,3,1.75,42.57,42.57,Yes,No,Yes,Yes,Test 02
STAI-S,Not at all,2024-06-20 09:42:45.705,2024-06-20 09:42:48.880,1,1.76,38.12,38.12,Yes,No,Yes,Yes,Test 02
STAI-S,Somewhat,2024-06-20 09:42:48.880,2024-06-20 09:42:52.529,2,1.77,16.51,33.02,Yes,No,Yes,Yes,Test 02
STAI-S,Moderately,2024-06-20 09:42:52.529,2024-06-20 09:42:56.336,2,1.71,31.7,47.54,Yes,No,Yes,Yes,Test 02
STAI-S,Somewhat,2024-06-20 09:42:56.336,2024-06-20 09:43:00.152,2,1.64,63.21,63.21,Yes,No,Yes,Yes,Test 02
STAI-S,Moderately,2024-06-20 09:43:00.152,2024-06-20 09:43:04.368,2,1.7,0.0,0.0,No,No,No,No,Test 02
STAI-S,Somewhat,2024-06-20 09:43:04.368,2024-06-20 09:43:09.224,3,1.65,24.78,37.17,Yes,No,Yes,Yes,Test 02
STAI-S,Somewhat,2024-06-20 09:43:09.224,2024-06-20 09:43:12.130,2,1.39,165.98,290.46,Yes,No,Yes,Yes,Test 02
STAI-S,Moderately,2024-06-20 09:43:12.130,2024-06-20 09:43:15.560,3,1.45,123.13,123.13,Yes,No,Yes,Yes,Test 02
STAI-S,Somewhat,2024-06-20 09:43:15.560,2024-06-20 09:43:20.952,2,1.48,89.5,111.88,Yes,No,Yes,Yes,Test 02
STAI-S,Moderately,2024-06-20 09:43:20.952,2024-06-20 09:43:24.377,2,1.39,52.77,52.77,Yes,No,Yes,Yes,Test 02
STAI-S,Somewhat,2024-06-20 09:43:24.377,2024-06-20 09:43:27.728,3,1.25,144.23,126.2,Yes,No,Yes,Yes,Test 02
STAI-S,Moderately,2024-06-20 09:43:27.728,2024-06-20 09:43:30.161,3,1.14,199.42,224.35,Yes,No,Yes,Yes,Test 02
STAI-S,Not at all,2024-06-20 09:43:30.161,2024-06-20 09:43:33.537,1,1.21,71.3,89.13,Yes,No,Yes,Yes,Test 02
STAI-S,Moderately,2024-06-20 09:43:33.537,2024-06-20 09:43:37.112,2,1.22,16.87,185.55,Yes,No,Yes,Yes,Test 02
STAI-S,Moderately,2024-06-20 09:43:37.112,2024-06-20 09:43:40.640,2,1.25,85.4,85.4,Yes,No,Yes,Yes,Test 02
STAI-T,Sometimes,2024-06-20 09:43:40.640,2024-06-20 09:43:47.529,3,1.36,96.04,130.97,Yes,No,Yes,Yes,Test 02
STAI-T,Often,2024-06-20 09:43:47.529,2024-06-20 09:43:51.209,3,1.51,65.54,65.54,Yes,No,Yes,Yes,Test 02
STAI-T,Sometimes,2024-06-20 09:43:51.209,2024-06-20 09:43:54.896,3,1.55,49.06,98.12,Yes,No,Yes,Yes,Test 02
STAI-T,Sometimes,2024-06-20 09:43:54.896,2024-06-20 09:43:58.728,2,1.6,0.0,0.0,No,No,No,No,Test 02
STAI-T,Sometimes,2024-06-20 09:43:58.728,2024-06-20 09:44:01.936,2,1.52,18.83,37.65,Yes,No,Yes,Yes,Test 02
STAI-T,Sometimes,2024-06-20 09:44:01.936,2024-06-20 09:44:06.008,3,1.47,44.49,44.49,Yes,No,Yes,Yes,Test 02
STAI-T,Sometimes,2024-06-20 09:44:06.008,2024-06-20 09:44:10.513,3,1.35,213.57,253.62,Yes,No,Yes,Yes,Test 02
STAI-T,Sometimes,2024-06-20 09:44:10.513,2024-06-20 09:44:14.376,2,1.48,93.75,78.12,Yes,No,Yes,Yes,Test 02
STAI-T,Often,2024-06-20 09:44:14.376,2024-06-20 09:44:17.560,3,1.61,37.96,0.0,Yes,No,Yes,No,Test 02
STAI-T,Sometimes,2024-06-20 09:44:17.560,2024-06-20 09:44:21.120,3,1.32,152.33,287.73,Yes,No,Yes,Yes,Test 02
STAI-T,Sometimes,2024-06-20 09:44:21.120,2024-06-20 09:44:24.665,2,1.46,85.15,102.19,Yes,No,Yes,Yes,Test 02
STAI-T,Sometimes,2024-06-20 09:44:24.665,2024-06-20 09:44:27.864,2,1.41,112.61,112.61,Yes,No,Yes,Yes,Test 02
STAI-T,Often,2024-06-20 09:44:27.864,2024-06-20 09:44:30.896,2,1.61,19.9,39.8,Yes,No,Yes,Yes,Test 02
STAI-T,Often,2024-06-20 09:44:30.896,2024-06-20 09:44:37.224,2,1.64,114.09,95.07,Yes,No,Yes,Yes,Test 02
STAI-T,Sometimes,2024-06-20 09:44:37.224,2024-06-20 09:44:39.353,2,2.24,0.0,0.0,No,No,No,No,Test 02
STAI-T,Sometimes,2024-06-20 09:44:39.353,2024-06-20 09:44:42.033,3,2.22,67.57,90.09,Yes,No,Yes,Yes,Test 02
STAI-T,Often,2024-06-20 09:44:42.033,2024-06-20 09:44:44.953,3,2.38,20.7,103.48,Yes,No,Yes,Yes,Test 02
STAI-T,Often,2024-06-20 09:44:44.953,2024-06-20 09:44:51.800,3,2.28,26.33,70.21,Yes,No,Yes,Yes,Test 02
STAI-T,Often,2024-06-20 09:44:51.800,2024-06-20 09:44:56.488,2,2.18,51.36,51.36,Yes,No,Yes,Yes,Test 02
STAI-T,Sometimes,2024-06-20 09:44:56.488,2024-06-20 09:45:00.376,2,2.29,46.43,61.9,Yes,No,Yes,Yes,Test 02
BFI,Agree,2024-06-20 09:45:00.376,2024-06-20 09:45:04.512,4,2.34,29.11,43.66,Yes,No,Yes,Yes,Test 02
BFI,Neutral,2024-06-20 09:45:04.512,2024-06-20 09:45:07.248,3,2.21,88.82,155.44,Yes,No,Yes,Yes,Test 02
BFI,Neutral,2024-06-20 09:45:07.248,2024-06-20 09:45:11.128,3,2.42,0.0,0.0,No,No,No,No,Test 02
BFI,Disagree,2024-06-20 09:45:11.128,2024-06-20 09:45:15.704,2,2.33,39.45,39.45,Yes,No,Yes,Yes,Test 02
BFI,Agree,2024-06-20 09:45:15.704,2024-06-20 09:45:20.552,2,2.22,86.92,99.34,Yes,No,Yes,Yes,Test 02
BFI,Disagree,2024-06-20 09:45:20.552,2024-06-20 09:45:24.081,4,2.31,17.06,34.11,Yes,No,Yes,Yes,Test 02
BFI,Neutral,2024-06-20 09:45:24.081,2024-06-20 09:45:27.736,3,2.25,16.53,33.06,Yes,No,Yes,Yes,Test 02
BFI,Neutral,2024-06-20 09:45:27.736,2024-06-20 09:45:30.368,3,2.19,137.51,91.67,Yes,No,Yes,Yes,Test 02
BFI,Agree,2024-06-20 09:45:30.368,2024-06-20 09:45:35.456,2,2.16,59.04,106.28,Yes,No,Yes,Yes,Test 02
BFI,Disagree,2024-06-20 09:45:35.456,2024-06-20 09:45:39.008,2,2.4,0.0,0.0,No,No,No,No,Test 02
FQ,5,2024-06-20 09:45:39.008,2024-06-20 09:45:44.792,5,2.21,31.25,41.67,Yes,No,Yes,Yes,Test 02
FQ,5,2024-06-20 09:45:44.792,2024-06-20 09:45:51.112,5,2.11,19.02,19.02,Yes,No,Yes,Yes,Test 02
FQ,3,2024-06-20 09:45:51.112,2024-06-20 09:45:58.993,3,1.98,45.88,129.99,Yes,No,Yes,Yes,Test 02
FQ,3,2024-06-20 09:45:58.993,2024-06-20 09:46:02.209,3,1.83,187.27,299.63,Yes,No,Yes,Yes,Test 02
FQ,1,2024-06-20 09:46:02.209,2024-06-20 09:46:08.640,1,2.07,28.06,65.48,Yes,No,Yes,Yes,Test 02
FQ,2 - slightly avoid it,2024-06-20 09:46:08.640,2024-06-20 09:46:11.384,2,2.26,43.83,65.74,Yes,No,Yes,Yes,Test 02
FQ,5,2024-06-20 09:46:11.384,2024-06-20 09:46:15.296,5,1.69,46.26,185.04,Yes,No,Yes,Yes,Test 02
FQ,5,2024-06-20 09:46:15.296,2024-06-20 09:46:20.249,5,2.27,12.15,48.58,Yes,No,No,Yes,Test 02
FQ,5,2024-06-20 09:46:20.249,2024-06-20 09:46:26.169,5,2.51,20.34,50.85,Yes,No,Yes,Yes,Test 02
FQ,5,2024-06-20 09:46:26.169,2024-06-20 09:46:28.689,5,2.32,23.84,47.68,Yes,No,Yes,Yes,Test 02
FQ,5,2024-06-20 09:46:28.689,2024-06-20 09:46:32.521,5,2.2,15.76,63.06,Yes,No,Yes,Yes,Test 02
FQ,5,2024-06-20 09:46:32.521,2024-06-20 09:46:36.689,5,1.56,115.69,404.92,Yes,No,Yes,Yes,Test 02
FQ,3,2024-06-20 09:46:36.689,2024-06-20 09:46:40.176,3,1.86,34.45,292.85,Yes,No,Yes,Yes,Test 02
FQ,3,2024-06-20 09:46:40.176,2024-06-20 09:46:43.753,3,1.81,151.47,134.64,Yes,No,Yes,Yes,Test 02
FQ,3,2024-06-20 09:46:43.753,2024-06-20 09:46:47.793,3,1.55,254.05,433.37,Yes,No,Yes,Yes,Test 02
FQ,3,2024-06-20 09:46:47.793,2024-06-20 09:46:52.264,3,1.87,215.73,458.43,Yes,No,Yes,Yes,Test 02
FQ,3,2024-06-20 09:46:52.264,2024-06-20 09:47:00.705,3,2.25,64.04,149.43,Yes,No,Yes,Yes,Test 02
FQ,0 - no phobias present,2024-06-20 09:47:00.705,2024-06-20 09:47:08.832,0,2.21,22.18,51.75,Yes,No,Yes,Yes,Test 02
FQ,3,2024-06-20 09:47:08.832,2024-06-20 09:47:16.792,3,1.9,233.93,241.48,Yes,No,Yes,Yes,Test 02
FQ,1,2024-06-20 09:47:16.792,2024-06-20 09:47:22.721,1,2.35,81.36,193.22,Yes,No,Yes,Yes,Test 02
FQ,3,2024-06-20 09:47:22.721,2024-06-20 09:47:25.504,3,2.42,108.26,173.22,Yes,No,Yes,Yes,Test 02
FQ,3,2024-06-20 09:47:25.504,2024-06-20 09:47:29.808,3,2.43,41.87,41.87,Yes,No,Yes,Yes,Test 02
FQ,3,2024-06-20 09:47:29.808,2024-06-20 09:47:34.825,3,2.23,60.05,120.1,Yes,No,Yes,Yes,Test 02
FQ,3,2024-06-20 09:47:34.825,2024-06-20 09:47:38.769,3,2.57,30.5,0.0,Yes,Yes,Yes,No,Test 02
HADS,From time to time; occasionally,2024-06-24 12:48:35.382,2024-06-24 12:48:39.486,1,2.63,0.0,0.0,Yes,Yes,No,No,Test 03
HADS,Not quite so much,2024-06-24 12:48:39.486,2024-06-24 12:48:47.773,1,2.42,29.04,21.78,Yes,No,Yes,Yes,Test 03
HADS,A little; but it doesn't worry me,2024-06-24 12:48:47.773,2024-06-24 12:48:51.645,1,2.45,0.0,0.0,No,No,No,No,Test 03
HADS,Not quite so much now,2024-06-24 12:48:51.645,2024-06-24 12:48:58.140,1,2.39,0.0,9.25,No,No,No,No,Test 03
HADS,From time to time; but not too often,2024-06-24 12:48:58.140,2024-06-24 12:49:01.077,1,2.35,0.0,0.0,No,No,No,No,Test 03
HADS,Sometimes,2024-06-24 12:49:01.077,2024-06-24 12:49:04.420,1,2.3,0.0,18.03,Yes,No,No,Yes,Test 03
HADS,Usually,2024-06-24 12:49:04.420,2024-06-24 12:49:07.429,1,2.39,0.0,0.0,No,No,No,No,Test 03
HADS,Sometimes,2024-06-24 12:49:07.429,2024-06-24 12:49:09.861,1,2.35,0.0,0.0,No,No,No,No,Test 03
HADS,Occasionally,2024-06-24 12:49:09.861,2024-06-24 12:49:14.725,1,2.39,0.0,0.0,No,No,No,No,Test 03
HADS,I may not take quite as much care,2024-06-24 12:49:14.725,2024-06-24 12:49:21.165,1,2.36,9.34,0.0,No,No,No,No,Test 03
HADS,Not very much,2024-06-24 12:49:21.165,2024-06-24 12:49:24.076,1,2.33,0.0,0.0,No,No,No,No,Test 03
HADS,Rather less than I used to,2024-06-24 12:49:24.076,2024-06-24 12:49:28.668,1,2.31,39.45,13.15,Yes,No,Yes,No,Test 03
HADS,Not very often,2024-06-24 12:49:28.668,2024-06-24 12:49:36.404,1,2.09,69.89,93.19,Yes,No,Yes,Yes,Test 03
HADS,Sometimes,2024-06-24 12:49:36.404,2024-06-24 12:49:38.780,1,2.36,0.0,0.0,No,No,No,No,Test 03
STAI-S,Somewhat,2024-06-24 12:49:38.780,2024-06-24 12:49:41.508,3,2.34,0.0,0.0,No,No,No,No,Test 03
STAI-S,Somewhat,2024-06-24 12:49:41.508,2024-06-24 12:49:44.060,3,2.3,0.0,0.0,No,No,No,No,Test 03
STAI-S,Somewhat,2024-06-24 12:49:44.060,2024-06-24 12:49:45.940,2,2.31,0.0,0.0,No,No,No,No,Test 03
STAI-S,Moderately,2024-06-24 12:49:45.940,2024-06-24 12:49:49.732,3,2.22,63.46,63.46,Yes,No,Yes,Yes,Test 03
STAI-S,Somewhat,2024-06-24 12:49:49.732,2024-06-24 12:49:52.028,3,2.27,26.24,26.24,Yes,No,Yes,Yes,Test 03
STAI-S,Somewhat,2024-06-24 12:49:52.028,2024-06-24 12:49:54.932,2,2.21,41.7,62.54,Yes,No,Yes,Yes,Test 03
STAI-S,Somewhat,2024-06-24 12:49:54.932,2024-06-24 12:49:58.236,2,2.29,18.31,36.62,Yes,No,Yes,Yes,Test 03
STAI-S,Somewhat,2024-06-24 12:49:58.236,2024-06-24 12:50:00.828,3,2.31,0.0,0.0,No,No,No,No,Test 03
STAI-S,Moderately,2024-06-24 12:50:00.828,2024-06-24 12:50:02.988,3,2.27,0.0,27.93,Yes,No,No,Yes,Test 03
STAI-S,Moderately,2024-06-24 12:50:02.988,2024-06-24 12:50:05.404,2,2.31,25.05,50.1,Yes,No,Yes,Yes,Test 03
STAI-S,Moderately,2024-06-24 12:50:05.404,2024-06-24 12:50:07.212,2,2.3,0.0,0.0,No,No,No,No,Test 03
STAI-S,Somewhat,2024-06-24 12:50:07.212,2024-06-24 12:50:09.413,2,2.31,0.0,27.45,Yes,No,No,Yes,Test 03
STAI-S,Somewhat,2024-06-24 12:50:09.413,2024-06-24 12:50:12.756,2,2.2,36.1,18.05,Yes,No,Yes,Yes,Test 03
STAI-S,Moderately,2024-06-24 12:50:12.756,2024-06-24 12:50:16.164,3,2.13,53.02,88.37,Yes,No,Yes,Yes,Test 03
STAI-S,Somewhat,2024-06-24 12:50:16.164,2024-06-24 12:50:18.652,3,2.32,0.0,0.0,No,No,No,No,Test 03
STAI-S,Somewhat,2024-06-24 12:50:18.652,2024-06-24 12:50:21.308,3,2.26,45.75,68.62,Yes,No,Yes,Yes,Test 03
STAI-S,Moderately,2024-06-24 12:50:21.308,2024-06-24 12:50:25.228,3,2.21,107.72,76.94,Yes,No,Yes,Yes,Test 03
STAI-S,Somewhat,2024-06-24 12:50:25.228,2024-06-24 12:50:28.004,2,2.18,43.48,43.48,Yes,No,Yes,Yes,Test 03
STAI-S,Somewhat,2024-06-24 12:50:28.004,2024-06-24 12:50:30.780,3,2.32,0.0,0.0,No,No,No,No,Test 03
STAI-S,Somewhat,2024-06-24 12:50:30.780,2024-06-24 12:50:32.852,3,2.17,29.11,29.11,Yes,No,Yes,Yes,Test 03
STAI-T,Often,2024-06-24 12:50:32.852,2024-06-24 12:50:36.220,2,2.26,17.9,35.8,Yes,No,Yes,Yes,Test 03
STAI-T,Sometimes,2024-06-24 12:50:36.220,2024-06-24 12:50:38.668,2,2.01,123.71,98.97,Yes,No,Yes,Yes,Test 03
STAI-T,Almost Never,2024-06-24 12:50:38.668,2024-06-24 12:50:41.388,4,2.26,44.35,66.52,Yes,No,Yes,Yes,Test 03
STAI-T,Sometimes,2024-06-24 12:50:41.388,2024-06-24 12:50:45.340,2,2.14,45.81,76.36,Yes,No,Yes,Yes,Test 03
STAI-T,Sometimes,2024-06-24 12:50:45.340,2024-06-24 12:50:48.196,2,2.3,0.0,0.0,No,No,No,No,Test 03
STAI-T,Sometimes,2024-06-24 12:50:48.196,2024-06-24 12:50:51.052,3,2.05,84.33,63.25,Yes,No,Yes,Yes,Test 03
STAI-T,Often,2024-06-24 12:50:51.052,2024-06-24 12:50:53.036,2,2.29,0.0,0.0,No,No,No,No,Test 03
STAI-T,Sometimes,2024-06-24 12:50:53.036,2024-06-24 12:50:56.092,2,2.21,0.0,0.0,No,No,No,No,Test 03
STAI-T,Sometimes,2024-06-24 12:50:56.092,2024-06-24 12:50:59.180,2,2.17,19.48,19.48,Yes,No,Yes,Yes,Test 03
STAI-T,Often,2024-06-24 12:50:59.180,2024-06-24 12:51:00.868,2,2.04,142.94,107.21,Yes,No,Yes,Yes,Test 03
STAI-T,Often,2024-06-24 12:51:00.868,2024-06-24 12:51:03.612,3,2.13,43.89,43.89,Yes,No,Yes,Yes,Test 03
STAI-T,Sometimes,2024-06-24 12:51:03.612,2024-06-24 12:51:05.484,2,2.3,32.33,0.0,Yes,No,Yes,No,Test 03
STAI-T,Often,2024-06-24 12:51:05.484,2024-06-24 12:51:07.468,2,2.03,91.32,60.88,Yes,No,Yes,Yes,Test 03
STAI-T,Sometimes,2024-06-24 12:51:07.468,2024-06-24 12:51:11.468,3,2.03,60.38,90.57,Yes,No,Yes,Yes,Test 03
STAI-T,Sometimes,2024-06-24 12:51:11.468,2024-06-24 12:51:13.748,2,2.05,79.65,79.65,Yes,No,Yes,Yes,Test 03
STAI-T,Often,2024-06-24 12:51:13.748,2024-06-24 12:51:18.516,2,2.18,62.95,62.95,Yes,No,Yes,Yes,Test 03
STAI-T,Often,2024-06-24 12:51:18.516,2024-06-24 12:51:21.244,3,2.17,22.2,22.2,Yes,No,Yes,Yes,Test 03
STAI-T,Often,2024-06-24 12:51:21.244,2024-06-24 12:51:24.060,3,2.29,0.0,0.0,No,No,No,No,Test 03
STAI-T,Often,2024-06-24 12:51:24.060,2024-06-24 12:51:26.164,2,2.06,86.08,86.08,Yes,No,Yes,Yes,Test 03
STAI-T,Sometimes,2024-06-24 12:51:26.164,2024-06-24 12:51:30.412,2,2.2,28.35,42.52,Yes,No,Yes,Yes,Test 03
BFI,Agree,2024-06-24 12:51:30.412,2024-06-24 12:51:36.316,4,2.19,71.34,61.15,Yes,No,Yes,Yes,Test 03
BFI,Neutral,2024-06-24 12:51:36.316,2024-06-24 12:51:40.820,3,1.99,160.46,133.72,Yes,No,Yes,Yes,Test 03
BFI,Neutral,2024-06-24 12:51:40.820,2024-06-24 12:51:45.012,3,2.24,71.7,100.38,Yes,No,Yes,Yes,Test 03
BFI,Disagree,2024-06-24 12:51:45.012,2024-06-24 12:51:48.324,2,2.1,91.02,109.22,Yes,No,Yes,Yes,Test 03
BFI,Agree,2024-06-24 12:51:48.324,2024-06-24 12:51:51.012,2,2.28,22.4,22.4,Yes,No,Yes,Yes,Test 03
BFI,Disagree,2024-06-24 12:51:51.012,2024-06-24 12:51:54.724,4,2.3,16.3,16.3,Yes,No,Yes,No,Test 03
BFI,Neutral,2024-06-24 12:51:54.724,2024-06-24 12:51:57.348,3,2.37,0.0,0.0,No,No,No,No,Test 03
BFI,Agree,2024-06-24 12:51:57.348,2024-06-24 12:52:01.604,4,2.19,28.36,28.36,Yes,No,Yes,Yes,Test 03
BFI,Neutral,2024-06-24 12:52:01.604,2024-06-24 12:52:04.292,3,2.18,22.55,45.1,Yes,No,Yes,Yes,Test 03
BFI,Disagree,2024-06-24 12:52:04.292,2024-06-24 12:52:06.788,2,2.34,0.0,0.0,No,No,No,No,Test 03
FQ,2 - slightly avoid it,2024-06-24 12:52:06.788,2024-06-24 12:52:10.661,2,2.16,78.1,46.86,Yes,No,Yes,Yes,Test 03
FQ,2 - slightly avoid it,2024-06-24 12:52:10.661,2024-06-24 12:52:12.316,2,2.39,0.0,0.0,No,No,No,No,Test 03
FQ,3,2024-06-24 12:52:12.316,2024-06-24 12:52:15.308,3,2.35,0.0,0.0,No,No,No,No,Test 03
FQ,3,2024-06-24 12:52:15.308,2024-06-24 12:52:17.452,3,2.21,56.26,56.26,Yes,No,Yes,Yes,Test 03
FQ,1,2024-06-24 12:52:17.452,2024-06-24 12:52:24.772,1,2.22,16.42,32.85,Yes,No,Yes,Yes,Test 03
FQ,2 - slightly avoid it,2024-06-24 12:52:24.772,2024-06-24 12:52:27.172,2,2.25,0.0,25.06,Yes,No,No,Yes,Test 03
FQ,4 - definitely avoid it,2024-06-24 12:52:27.172,2024-06-24 12:52:31.165,4,2.33,0.0,15.11,No,No,No,No,Test 03
FQ,2 - slightly avoid it,2024-06-24 12:52:31.165,2024-06-24 12:52:35.476,2,2.34,0.0,0.0,No,No,No,No,Test 03
FQ,3,2024-06-24 12:52:35.476,2024-06-24 12:52:39.540,3,1.94,103.52,133.1,Yes,No,Yes,Yes,Test 03
FQ,4 - definitely avoid it,2024-06-24 12:52:39.540,2024-06-24 12:52:42.988,4,1.89,87.18,156.93,Yes,No,Yes,Yes,Test 03
FQ,3,2024-06-24 12:52:42.988,2024-06-24 12:52:45.780,3,2.35,21.68,0.0,Yes,No,Yes,No,Test 03
FQ,3,2024-06-24 12:52:45.780,2024-06-24 12:52:49.964,3,2.24,57.47,71.84,Yes,No,Yes,Yes,Test 03
FQ,1,2024-06-24 12:52:49.964,2024-06-24 12:52:54.772,1,2.01,87.77,112.85,Yes,No,Yes,Yes,Test 03
FQ,3,2024-06-24 12:52:54.772,2024-06-24 12:52:58.444,3,2.08,82.17,49.3,Yes,No,Yes,Yes,Test 03
FQ,3,2024-06-24 12:52:58.444,2024-06-24 12:53:00.940,3,2.25,0.0,48.19,Yes,No,No,Yes,Test 03
FQ,2 - slightly avoid it,2024-06-24 12:53:00.940,2024-06-24 12:53:05.268,2,2.29,0.0,0.0,No,No,No,No,Test 03
FQ,2 - slightly avoid it,2024-06-24 12:53:05.268,2024-06-24 12:53:08.292,2,2.28,19.95,19.95,Yes,No,Yes,Yes,Test 03
FQ,1,2024-06-24 12:53:08.292,2024-06-24 12:53:15.020,1,2.09,89.22,107.06,Yes,No,Yes,Yes,Test 03
FQ,2 - slightly troublesome,2024-06-24 12:53:15.020,2024-06-24 12:53:19.660,2,2.23,39.03,26.02,Yes,No,Yes,Yes,Test 03
FQ,2 - slightly troublesome,2024-06-24 12:53:19.660,2024-06-24 12:53:22.284,2,2.34,22.95,22.95,Yes,No,Yes,Yes,Test 03
FQ,3,2024-06-24 12:53:22.284,2024-06-24 12:53:25.300,3,2.43,19.9,0.0,Yes,No,Yes,No,Test 03
FQ,2 - slightly troublesome,2024-06-24 12:53:25.300,2024-06-24 12:53:28.757,2,2.06,174.37,191.8,Yes,No,Yes,Yes,Test 03
FQ,1,2024-06-24 12:53:28.757,2024-06-24 12:53:32.541,1,2.25,31.84,31.84,Yes,No,Yes,Yes,Test 03
FQ,2 - slightly troublesome,2024-06-24 12:53:32.541,2024-06-24 12:53:36.181,2,2.15,66.19,33.09,Yes,No,Yes,Yes,Test 03
