reltime,datetime,iSensor,ibi
0.001,2024/06/24 12:48:29.7029,5,697
0.001,2024/06/24 12:48:29.7029,4,0
0.001,2024/06/24 12:48:29.7029,3,683
0.001,2024/06/24 12:48:29.7029,2,0
0.001,2024/06/24 12:48:29.7029,1,0
0.001,2024/06/24 12:48:29.7029,0,0
0.098,2024/06/24 12:48:29.7999,3,729
0.586,2024/06/24 12:48:30.2879,5,697
0.833,2024/06/24 12:48:30.5349,5,697
0.836,2024/06/24 12:48:30.5379,3,740
1.078,2024/06/24 12:48:30.7799,5,697
1.575,2024/06/24 12:48:31.2769,3,709
2.314,2024/06/24 12:48:32.0159,3,719
2.806,2024/06/24 12:48:32.5079,3,717
3.545,2024/06/24 12:48:33.2469,3,735
3.788,2024/06/24 12:48:33.4899,5,682
4.034,2024/06/24 12:48:33.7359,5,682
4.28,2024/06/24 12:48:33.9819,5,682
4.284,2024/06/24 12:48:33.9859,3,700
5.022,2024/06/24 12:48:34.7239,3,679
6.008,2024/06/24 12:48:35.7099,3,677
6.5,2024/06/24 12:48:36.2019,3,674
6.989,2024/06/24 12:48:36.6909,5,689
6.993,2024/06/24 12:48:36.6949,3,679
7.237,2024/06/24 12:48:36.9389,5,689
7.482,2024/06/24 12:48:37.1839,5,689
7.728,2024/06/24 12:48:37.4299,5,697
7.732,2024/06/24 12:48:37.4339,3,658
7.974,2024/06/24 12:48:37.6759,5,697
8.224,2024/06/24 12:48:37.9259,3,655
9.209,2024/06/24 12:48:38.9109,3,658
9.698,2024/06/24 12:48:39.3999,5,705
9.944,2024/06/24 12:48:39.6459,5,705
10.191,2024/06/24 12:48:39.8929,5,705
10.195,2024/06/24 12:48:39.8969,3,648
10.437,2024/06/24 12:48:40.1389,5,705
10.441,2024/06/24 12:48:40.1429,3,677
10.683,2024/06/24 12:48:40.3849,5,705
10.93,2024/06/24 12:48:40.6319,5,705
10.934,2024/06/24 12:48:40.6359,3,690
11.176,2024/06/24 12:48:40.8779,5,705
11.422,2024/06/24 12:48:41.1239,5,705
11.669,2024/06/24 12:48:41.3709,5,705
11.672,2024/06/24 12:48:41.3739,3,688
11.915,2024/06/24 12:48:41.6169,5,705
12.161,2024/06/24 12:48:41.8629,5,705
12.408,2024/06/24 12:48:42.1099,5,705
12.411,2024/06/24 12:48:42.1129,3,720
12.653,2024/06/24 12:48:42.3549,5,705
12.899,2024/06/24 12:48:42.6009,5,705
13.146,2024/06/24 12:48:42.8479,5,705
13.392,2024/06/24 12:48:43.0939,5,705
13.396,2024/06/24 12:48:43.0979,3,734
13.638,2024/06/24 12:48:43.3399,5,705
13.885,2024/06/24 12:48:43.5869,5,697
13.889,2024/06/24 12:48:43.5909,3,710
14.131,2024/06/24 12:48:43.8329,5,697
14.377,2024/06/24 12:48:44.0789,5,697
14.624,2024/06/24 12:48:44.3259,5,697
14.628,2024/06/24 12:48:44.3299,3,759
14.87,2024/06/24 12:48:44.5719,5,674
15.116,2024/06/24 12:48:44.8179,5,674
15.363,2024/06/24 12:48:45.0649,5,673
15.609,2024/06/24 12:48:45.3109,5,674
15.612,2024/06/24 12:48:45.3139,3,763
15.855,2024/06/24 12:48:45.5569,5,666
16.105,2024/06/24 12:48:45.8069,3,723
17.09,2024/06/24 12:48:46.7919,3,764
17.583,2024/06/24 12:48:47.2849,3,730
18.321,2024/06/24 12:48:48.0229,3,711
18.564,2024/06/24 12:48:48.2659,5,666
18.811,2024/06/24 12:48:48.5129,5,666
19.057,2024/06/24 12:48:48.7589,5,666
19.06,2024/06/24 12:48:48.7619,3,732
19.799,2024/06/24 12:48:49.5009,3,728
20.784,2024/06/24 12:48:50.4859,3,695
21.523,2024/06/24 12:48:51.2249,3,718
21.766,2024/06/24 12:48:51.4679,5,714
22.012,2024/06/24 12:48:51.7139,5,714
22.015,2024/06/24 12:48:51.7169,3,706
22.258,2024/06/24 12:48:51.9599,5,714
22.508,2024/06/24 12:48:52.2099,3,683
23.247,2024/06/24 12:48:52.9489,3,702
23.986,2024/06/24 12:48:53.6879,3,701
24.725,2024/06/24 12:48:54.4269,3,688
24.967,2024/06/24 12:48:54.6689,5,723
25.213,2024/06/24 12:48:54.9149,5,723
25.46,2024/06/24 12:48:55.1619,5,723
25.464,2024/06/24 12:48:55.1659,3,720
26.202,2024/06/24 12:48:55.9039,3,737
27.187,2024/06/24 12:48:56.8889,3,731
27.68,2024/06/24 12:48:57.3819,3,731
28.169,2024/06/24 12:48:57.8709,5,723
28.415,2024/06/24 12:48:58.1169,5,723
28.419,2024/06/24 12:48:58.1209,3,760
28.661,2024/06/24 12:48:58.3629,5,723
29.158,2024/06/24 12:48:58.8599,3,743
29.896,2024/06/24 12:48:59.5979,3,706
30.881,2024/06/24 12:49:00.5829,3,729
31.371,2024/06/24 12:49:01.0729,5,714
31.616,2024/06/24 12:49:01.3179,5,714
31.62,2024/06/24 12:49:01.3219,3,721
31.863,2024/06/24 12:49:01.5649,5,714
32.359,2024/06/24 12:49:02.0609,3,698
32.852,2024/06/24 12:49:02.5539,3,731
33.59,2024/06/24 12:49:03.2919,3,730
34.083,2024/06/24 12:49:03.7849,3,707
34.572,2024/06/24 12:49:04.2739,5,714
34.818,2024/06/24 12:49:04.5199,5,714
34.822,2024/06/24 12:49:04.5239,3,717
35.064,2024/06/24 12:49:04.7659,5,714
35.561,2024/06/24 12:49:05.2629,3,712
36.3,2024/06/24 12:49:06.0019,3,688
36.791,2024/06/24 12:49:06.4929,3,698
37.53,2024/06/24 12:49:07.2319,3,681
38.02,2024/06/24 12:49:07.7219,5,723
38.267,2024/06/24 12:49:07.9689,5,723
38.27,2024/06/24 12:49:07.9719,3,667
39.009,2024/06/24 12:49:08.7109,3,694
39.99,2024/06/24 12:49:09.6919,5,723
39.996,2024/06/24 12:49:09.6979,3,697
40.236,2024/06/24 12:49:09.9379,5,723
40.483,2024/06/24 12:49:10.1849,5,723
40.486,2024/06/24 12:49:10.1879,3,689
40.729,2024/06/24 12:49:10.4309,5,723
40.975,2024/06/24 12:49:10.6769,5,714
40.978,2024/06/24 12:49:10.6799,3,704
41.222,2024/06/24 12:49:10.9239,5,714
41.468,2024/06/24 12:49:11.1699,5,714
41.714,2024/06/24 12:49:11.4159,5,714
41.961,2024/06/24 12:49:11.6629,5,714
41.964,2024/06/24 12:49:11.6659,3,720
42.207,2024/06/24 12:49:11.9089,5,714
42.453,2024/06/24 12:49:12.1549,5,714
42.456,2024/06/24 12:49:12.1579,3,693
42.699,2024/06/24 12:49:12.4009,5,714
43.438,2024/06/24 12:49:13.1399,5,714
43.441,2024/06/24 12:49:13.1429,3,708
43.684,2024/06/24 12:49:13.3859,5,714
43.93,2024/06/24 12:49:13.6319,5,714
43.933,2024/06/24 12:49:13.6349,3,701
44.177,2024/06/24 12:49:13.8789,5,714
44.423,2024/06/24 12:49:14.1249,5,714
44.426,2024/06/24 12:49:14.1279,3,676
44.669,2024/06/24 12:49:14.3709,5,714
44.916,2024/06/24 12:49:14.6179,5,714
45.162,2024/06/24 12:49:14.8639,5,714
45.165,2024/06/24 12:49:14.8669,3,690
45.408,2024/06/24 12:49:15.1099,5,714
45.655,2024/06/24 12:49:15.3569,5,714
45.904,2024/06/24 12:49:15.6059,3,688
46.394,2024/06/24 12:49:16.0959,5,714
46.639,2024/06/24 12:49:16.3409,5,714
46.643,2024/06/24 12:49:16.3449,3,674
46.885,2024/06/24 12:49:16.5869,5,697
47.132,2024/06/24 12:49:16.8339,5,697
47.378,2024/06/24 12:49:17.0799,5,697
47.381,2024/06/24 12:49:17.0829,3,701
47.624,2024/06/24 12:49:17.3259,5,697
47.871,2024/06/24 12:49:17.5729,5,697
48.117,2024/06/24 12:49:17.8189,5,697
48.12,2024/06/24 12:49:17.8219,3,703
48.364,2024/06/24 12:49:18.0659,5,697
48.61,2024/06/24 12:49:18.3119,5,697
48.859,2024/06/24 12:49:18.5609,3,688
49.349,2024/06/24 12:49:19.0509,5,697
49.352,2024/06/24 12:49:19.0539,3,714
49.595,2024/06/24 12:49:19.2969,5,697
49.841,2024/06/24 12:49:19.5429,5,697
50.088,2024/06/24 12:49:19.7899,5,697
50.091,2024/06/24 12:49:19.7929,3,727
50.333,2024/06/24 12:49:20.0349,5,697
50.58,2024/06/24 12:49:20.2819,5,697
50.826,2024/06/24 12:49:20.5279,5,697
50.829,2024/06/24 12:49:20.5309,3,705
51.072,2024/06/24 12:49:20.7739,5,697
51.319,2024/06/24 12:49:21.0209,5,697
51.565,2024/06/24 12:49:21.2669,5,697
51.568,2024/06/24 12:49:21.2699,3,729
51.811,2024/06/24 12:49:21.5129,5,697
52.058,2024/06/24 12:49:21.7599,5,697
52.304,2024/06/24 12:49:22.0059,5,697
52.307,2024/06/24 12:49:22.0089,3,742
52.55,2024/06/24 12:49:22.2519,5,697
52.797,2024/06/24 12:49:22.4989,5,697
53.043,2024/06/24 12:49:22.7449,5,697
53.289,2024/06/24 12:49:22.9909,5,697
53.292,2024/06/24 12:49:22.9939,3,714
53.536,2024/06/24 12:49:23.2379,5,697
53.781,2024/06/24 12:49:23.4829,5,697
53.785,2024/06/24 12:49:23.4869,3,715
54.027,2024/06/24 12:49:23.7289,5,697
54.274,2024/06/24 12:49:23.9759,5,697
54.523,2024/06/24 12:49:24.2249,3,710
55.013,2024/06/24 12:49:24.7149,5,697
55.259,2024/06/24 12:49:24.9609,5,697
55.262,2024/06/24 12:49:24.9639,3,686
55.505,2024/06/24 12:49:25.2069,5,697
55.752,2024/06/24 12:49:25.4539,5,697
55.755,2024/06/24 12:49:25.4569,3,702
55.998,2024/06/24 12:49:25.6999,5,697
56.244,2024/06/24 12:49:25.9459,5,697
56.491,2024/06/24 12:49:26.1929,5,697
56.494,2024/06/24 12:49:26.1959,3,693
56.737,2024/06/24 12:49:26.4389,5,697
56.983,2024/06/24 12:49:26.6849,5,697
57.23,2024/06/24 12:49:26.9319,5,697
57.232,2024/06/24 12:49:26.9339,3,679
57.475,2024/06/24 12:49:27.1769,5,697
57.722,2024/06/24 12:49:27.4239,5,697
57.968,2024/06/24 12:49:27.6699,5,705
57.971,2024/06/24 12:49:27.6729,3,694
58.464,2024/06/24 12:49:28.1659,3,675
58.707,2024/06/24 12:49:28.4089,5,705
58.953,2024/06/24 12:49:28.6549,5,705
59.2,2024/06/24 12:49:28.9019,5,705
59.203,2024/06/24 12:49:28.9049,3,656
59.446,2024/06/24 12:49:29.1479,5,705
59.692,2024/06/24 12:49:29.3939,5,705
59.939,2024/06/24 12:49:29.6409,5,705
59.942,2024/06/24 12:49:29.6439,3,666
60.185,2024/06/24 12:49:29.8869,5,704
60.431,2024/06/24 12:49:30.1329,5,705
60.678,2024/06/24 12:49:30.3799,5,705
60.681,2024/06/24 12:49:30.3829,3,686
60.924,2024/06/24 12:49:30.6259,5,705
61.169,2024/06/24 12:49:30.8709,5,705
61.416,2024/06/24 12:49:31.1179,5,705
61.419,2024/06/24 12:49:31.1209,3,714
61.662,2024/06/24 12:49:31.3639,5,705
61.908,2024/06/24 12:49:31.6099,5,705
62.155,2024/06/24 12:49:31.8569,5,705
62.158,2024/06/24 12:49:31.8599,3,714
62.894,2024/06/24 12:49:32.5959,5,705
63.14,2024/06/24 12:49:32.8419,5,705
63.143,2024/06/24 12:49:32.8449,3,693
63.386,2024/06/24 12:49:33.0879,5,705
63.636,2024/06/24 12:49:33.3379,3,731
64.125,2024/06/24 12:49:33.8269,5,697
64.128,2024/06/24 12:49:33.8299,3,739
64.372,2024/06/24 12:49:34.0739,5,697
64.618,2024/06/24 12:49:34.3199,5,697
64.863,2024/06/24 12:49:34.5649,5,689
64.866,2024/06/24 12:49:34.5679,3,708
65.11,2024/06/24 12:49:34.8119,5,689
65.356,2024/06/24 12:49:35.0579,5,689
65.602,2024/06/24 12:49:35.3039,5,689
65.605,2024/06/24 12:49:35.3069,3,720
65.849,2024/06/24 12:49:35.5509,5,689
66.095,2024/06/24 12:49:35.7969,5,689
66.341,2024/06/24 12:49:36.0429,5,689
66.344,2024/06/24 12:49:36.0459,3,731
66.588,2024/06/24 12:49:36.2899,5,689
66.834,2024/06/24 12:49:36.5359,5,697
67.08,2024/06/24 12:49:36.7819,5,697
67.083,2024/06/24 12:49:36.7849,3,705
67.327,2024/06/24 12:49:37.0289,5,697
67.573,2024/06/24 12:49:37.2749,5,697
67.82,2024/06/24 12:49:37.5219,5,697
67.823,2024/06/24 12:49:37.5249,3,701
68.066,2024/06/24 12:49:37.7679,5,697
68.312,2024/06/24 12:49:38.0139,5,697
68.559,2024/06/24 12:49:38.2609,5,697
68.561,2024/06/24 12:49:38.2629,3,708
68.804,2024/06/24 12:49:38.5059,5,697
69.05,2024/06/24 12:49:38.7519,5,697
69.053,2024/06/24 12:49:38.7549,3,697
69.297,2024/06/24 12:49:38.9989,5,697
69.543,2024/06/24 12:49:39.2449,5,697
69.789,2024/06/24 12:49:39.4909,5,705
69.792,2024/06/24 12:49:39.4939,3,668
70.036,2024/06/24 12:49:39.7379,5,705
70.282,2024/06/24 12:49:39.9839,5,705
70.531,2024/06/24 12:49:40.2329,3,686
71.021,2024/06/24 12:49:40.7229,5,714
71.27,2024/06/24 12:49:40.9719,3,681
71.76,2024/06/24 12:49:41.4619,5,714
71.762,2024/06/24 12:49:41.4639,3,670
72.006,2024/06/24 12:49:41.7079,5,714
72.253,2024/06/24 12:49:41.9549,5,714
72.498,2024/06/24 12:49:42.1999,5,714
72.501,2024/06/24 12:49:42.2029,3,696
73.237,2024/06/24 12:49:42.9389,5,705
73.24,2024/06/24 12:49:42.9419,3,709
73.483,2024/06/24 12:49:43.1849,5,705
73.73,2024/06/24 12:49:43.4319,5,705
73.976,2024/06/24 12:49:43.6779,5,705
73.979,2024/06/24 12:49:43.6809,3,700
74.715,2024/06/24 12:49:44.4169,5,705
74.718,2024/06/24 12:49:44.4199,3,727
74.961,2024/06/24 12:49:44.6629,5,705
75.208,2024/06/24 12:49:44.9099,5,705
75.454,2024/06/24 12:49:45.1559,5,705
75.7,2024/06/24 12:49:45.4019,5,705
75.702,2024/06/24 12:49:45.4039,3,737
75.947,2024/06/24 12:49:45.6489,5,697
76.192,2024/06/24 12:49:45.8939,5,697
76.195,2024/06/24 12:49:45.8969,3,720
76.438,2024/06/24 12:49:46.1399,5,697
76.685,2024/06/24 12:49:46.3869,5,697
76.931,2024/06/24 12:49:46.6329,5,697
76.934,2024/06/24 12:49:46.6359,3,705
77.177,2024/06/24 12:49:46.8789,5,697
77.424,2024/06/24 12:49:47.1259,5,697
77.67,2024/06/24 12:49:47.3719,5,697
77.673,2024/06/24 12:49:47.3749,3,709
77.917,2024/06/24 12:49:47.6189,5,697
78.163,2024/06/24 12:49:47.8649,5,697
78.166,2024/06/24 12:49:47.8679,3,711
78.409,2024/06/24 12:49:48.1109,5,697
78.656,2024/06/24 12:49:48.3579,5,697
78.902,2024/06/24 12:49:48.6039,5,697
78.904,2024/06/24 12:49:48.6059,3,686
79.148,2024/06/24 12:49:48.8499,5,697
79.395,2024/06/24 12:49:49.0969,5,697
79.641,2024/06/24 12:49:49.3429,5,697
79.643,2024/06/24 12:49:49.3449,3,697
79.886,2024/06/24 12:49:49.5879,5,697
80.133,2024/06/24 12:49:49.8349,5,697
80.379,2024/06/24 12:49:50.0809,5,697
80.382,2024/06/24 12:49:50.0839,3,692
80.625,2024/06/24 12:49:50.3269,5,697
81.121,2024/06/24 12:49:50.8229,3,676
81.364,2024/06/24 12:49:51.0659,5,697
81.611,2024/06/24 12:49:51.3129,5,697
81.614,2024/06/24 12:49:51.3159,3,682
81.857,2024/06/24 12:49:51.5589,5,697
82.103,2024/06/24 12:49:51.8049,5,697
82.35,2024/06/24 12:49:52.0519,5,697
82.352,2024/06/24 12:49:52.0539,3,680
83.335,2024/06/24 12:49:53.0369,5,705
83.337,2024/06/24 12:49:53.0389,3,671
83.58,2024/06/24 12:49:53.2819,5,705
83.827,2024/06/24 12:49:53.5289,5,705
83.83,2024/06/24 12:49:53.5319,3,665
84.073,2024/06/24 12:49:53.7749,5,705
84.319,2024/06/24 12:49:54.0209,5,705
84.322,2024/06/24 12:49:54.0239,3,682
84.566,2024/06/24 12:49:54.2679,5,705
84.812,2024/06/24 12:49:54.5139,5,705
85.058,2024/06/24 12:49:54.7599,5,705
85.305,2024/06/24 12:49:55.0069,5,705
85.308,2024/06/24 12:49:55.0099,3,682
85.551,2024/06/24 12:49:55.2529,5,705
85.797,2024/06/24 12:49:55.4989,5,705
85.8,2024/06/24 12:49:55.5019,3,665
86.044,2024/06/24 12:49:55.7459,5,705
86.292,2024/06/24 12:49:55.9939,5,705
86.292,2024/06/24 12:49:55.9939,3,679
86.536,2024/06/24 12:49:56.2379,5,705
86.783,2024/06/24 12:49:56.4849,5,705
87.029,2024/06/24 12:49:56.7309,5,705
87.031,2024/06/24 12:49:56.7329,3,676
87.275,2024/06/24 12:49:56.9769,5,705
87.522,2024/06/24 12:49:57.2239,5,705
87.767,2024/06/24 12:49:57.4689,5,705
87.77,2024/06/24 12:49:57.4719,3,661
88.014,2024/06/24 12:49:57.7159,5,697
88.26,2024/06/24 12:49:57.9619,5,697
88.506,2024/06/24 12:49:58.2079,5,697
88.509,2024/06/24 12:49:58.2109,3,671
88.753,2024/06/24 12:49:58.4549,5,697
88.999,2024/06/24 12:49:58.7009,5,689
89.002,2024/06/24 12:49:58.7039,3,682
89.245,2024/06/24 12:49:58.9469,5,689
89.492,2024/06/24 12:49:59.1939,5,689
89.738,2024/06/24 12:49:59.4399,5,689
89.74,2024/06/24 12:49:59.4419,3,678
89.984,2024/06/24 12:49:59.6859,5,689
90.479,2024/06/24 12:50:00.1809,3,677
90.723,2024/06/24 12:50:00.4249,5,689
90.97,2024/06/24 12:50:00.6719,5,689
91.215,2024/06/24 12:50:00.9169,5,689
91.218,2024/06/24 12:50:00.9199,3,692
91.461,2024/06/24 12:50:01.1629,5,689
91.708,2024/06/24 12:50:01.4099,5,689
91.957,2024/06/24 12:50:01.6589,3,691
92.45,2024/06/24 12:50:02.1519,3,678
92.693,2024/06/24 12:50:02.3949,5,682
92.939,2024/06/24 12:50:02.6409,5,682
93.186,2024/06/24 12:50:02.8879,5,682
93.188,2024/06/24 12:50:02.8899,3,698
93.432,2024/06/24 12:50:03.1339,5,682
93.678,2024/06/24 12:50:03.3799,5,682
93.925,2024/06/24 12:50:03.6269,5,682
94.171,2024/06/24 12:50:03.8729,5,682
94.419,2024/06/24 12:50:04.1209,3,706
94.666,2024/06/24 12:50:04.3679,3,692
94.909,2024/06/24 12:50:04.6109,5,682
95.156,2024/06/24 12:50:04.8579,5,682
95.402,2024/06/24 12:50:05.1039,5,682
95.648,2024/06/24 12:50:05.3499,5,682
95.651,2024/06/24 12:50:05.3529,3,711
96.144,2024/06/24 12:50:05.8459,3,719
96.387,2024/06/24 12:50:06.0889,5,682
96.633,2024/06/24 12:50:06.3349,5,682
96.88,2024/06/24 12:50:06.5819,5,682
96.882,2024/06/24 12:50:06.5839,3,694
97.126,2024/06/24 12:50:06.8279,5,682
97.372,2024/06/24 12:50:07.0739,5,682
97.374,2024/06/24 12:50:07.0759,3,710
97.618,2024/06/24 12:50:07.3199,5,682
97.864,2024/06/24 12:50:07.5659,5,682
98.111,2024/06/24 12:50:07.8129,5,682
98.114,2024/06/24 12:50:07.8159,3,701
98.357,2024/06/24 12:50:08.0589,5,682
98.603,2024/06/24 12:50:08.3049,5,682
98.85,2024/06/24 12:50:08.5519,5,682
98.853,2024/06/24 12:50:08.5549,3,676
99.096,2024/06/24 12:50:08.7979,5,682
99.342,2024/06/24 12:50:09.0439,5,682
99.588,2024/06/24 12:50:09.2899,5,682
99.592,2024/06/24 12:50:09.2939,3,688
99.834,2024/06/24 12:50:09.5359,5,689
100.08,2024/06/24 12:50:09.7819,5,689
100.083,2024/06/24 12:50:09.7849,3,681
100.327,2024/06/24 12:50:10.0289,5,689
100.573,2024/06/24 12:50:10.2749,5,689
100.819,2024/06/24 12:50:10.5209,5,689
100.822,2024/06/24 12:50:10.5239,3,662
101.066,2024/06/24 12:50:10.7679,5,689
101.312,2024/06/24 12:50:11.0139,5,689
101.558,2024/06/24 12:50:11.2599,5,689
101.561,2024/06/24 12:50:11.2629,3,670
101.805,2024/06/24 12:50:11.5069,5,689
102.051,2024/06/24 12:50:11.7529,5,689
102.297,2024/06/24 12:50:11.9989,5,689
102.3,2024/06/24 12:50:12.0019,3,671
102.793,2024/06/24 12:50:12.4949,3,656
103.035,2024/06/24 12:50:12.7369,5,697
103.282,2024/06/24 12:50:12.9839,5,697
103.528,2024/06/24 12:50:13.2299,5,697
103.532,2024/06/24 12:50:13.2339,3,693
103.774,2024/06/24 12:50:13.4759,5,697
104.021,2024/06/24 12:50:13.7229,5,697
104.267,2024/06/24 12:50:13.9689,5,697
104.27,2024/06/24 12:50:13.9719,3,699
104.513,2024/06/24 12:50:14.2149,5,697
104.76,2024/06/24 12:50:14.4619,5,697
105.005,2024/06/24 12:50:14.7069,5,697
105.009,2024/06/24 12:50:14.7109,3,688
105.251,2024/06/24 12:50:14.9529,5,697
105.498,2024/06/24 12:50:15.1999,5,696
105.744,2024/06/24 12:50:15.4459,5,697
105.748,2024/06/24 12:50:15.4499,3,729
105.99,2024/06/24 12:50:15.6919,5,697
106.237,2024/06/24 12:50:15.9389,5,697
106.483,2024/06/24 12:50:16.1849,5,697
106.729,2024/06/24 12:50:16.4309,5,697
106.733,2024/06/24 12:50:16.4349,3,729
106.976,2024/06/24 12:50:16.6779,5,697
107.222,2024/06/24 12:50:16.9239,5,697
107.225,2024/06/24 12:50:16.9269,3,719
107.468,2024/06/24 12:50:17.1699,5,697
107.714,2024/06/24 12:50:17.4159,5,697
107.96,2024/06/24 12:50:17.6619,5,697
107.964,2024/06/24 12:50:17.6659,3,762
108.207,2024/06/24 12:50:17.9089,5,697
108.453,2024/06/24 12:50:18.1549,5,697
108.699,2024/06/24 12:50:18.4009,5,697
108.703,2024/06/24 12:50:18.4049,3,753
108.946,2024/06/24 12:50:18.6479,5,689
109.192,2024/06/24 12:50:18.8939,5,689
109.438,2024/06/24 12:50:19.1399,5,689
109.442,2024/06/24 12:50:19.1439,3,727
109.685,2024/06/24 12:50:19.3869,5,689
109.931,2024/06/24 12:50:19.6329,5,689
110.176,2024/06/24 12:50:19.8779,5,689
110.181,2024/06/24 12:50:19.8829,3,750
110.423,2024/06/24 12:50:20.1249,5,689
110.669,2024/06/24 12:50:20.3709,5,689
110.915,2024/06/24 12:50:20.6169,5,689
110.919,2024/06/24 12:50:20.6209,3,740
111.162,2024/06/24 12:50:20.8639,5,689
111.408,2024/06/24 12:50:21.1099,5,689
111.654,2024/06/24 12:50:21.3559,5,689
111.658,2024/06/24 12:50:21.3599,3,705
111.901,2024/06/24 12:50:21.6029,5,689
112.147,2024/06/24 12:50:21.8489,5,689
112.393,2024/06/24 12:50:22.0949,5,689
112.397,2024/06/24 12:50:22.0989,3,727
112.639,2024/06/24 12:50:22.3409,5,689
113.136,2024/06/24 12:50:22.8379,3,715
113.378,2024/06/24 12:50:23.0799,5,697
113.624,2024/06/24 12:50:23.3259,5,697
113.629,2024/06/24 12:50:23.3309,3,694
113.87,2024/06/24 12:50:23.5719,5,697
114.117,2024/06/24 12:50:23.8189,5,697
114.363,2024/06/24 12:50:24.0649,5,697
114.367,2024/06/24 12:50:24.0689,3,715
114.609,2024/06/24 12:50:24.3109,5,697
115.106,2024/06/24 12:50:24.8079,3,699
115.347,2024/06/24 12:50:25.0489,5,697
115.845,2024/06/24 12:50:25.5469,3,734
116.086,2024/06/24 12:50:25.7879,5,697
116.333,2024/06/24 12:50:26.0349,5,697
116.579,2024/06/24 12:50:26.2809,5,697
116.826,2024/06/24 12:50:26.5279,5,697
116.83,2024/06/24 12:50:26.5319,3,729
117.072,2024/06/24 12:50:26.7739,5,697
117.318,2024/06/24 12:50:27.0199,5,697
117.323,2024/06/24 12:50:27.0249,3,703
117.565,2024/06/24 12:50:27.2669,5,697
117.81,2024/06/24 12:50:27.5119,5,697
118.056,2024/06/24 12:50:27.7579,5,697
118.061,2024/06/24 12:50:27.7629,3,735
118.303,2024/06/24 12:50:28.0049,5,697
118.8,2024/06/24 12:50:28.5019,3,702
119.042,2024/06/24 12:50:28.7439,5,723
119.288,2024/06/24 12:50:28.9899,5,723
119.534,2024/06/24 12:50:29.2359,5,723
119.539,2024/06/24 12:50:29.2409,3,683
119.781,2024/06/24 12:50:29.4829,5,723
120.027,2024/06/24 12:50:29.7289,5,723
120.032,2024/06/24 12:50:29.7339,3,696
120.272,2024/06/24 12:50:29.9739,5,723
120.519,2024/06/24 12:50:30.2209,5,723
120.765,2024/06/24 12:50:30.4669,5,723
121.011,2024/06/24 12:50:30.7129,5,723
121.017,2024/06/24 12:50:30.7189,3,687
121.258,2024/06/24 12:50:30.9599,5,723
121.504,2024/06/24 12:50:31.2059,5,723
121.509,2024/06/24 12:50:31.2109,3,680
121.75,2024/06/24 12:50:31.4519,5,723
121.997,2024/06/24 12:50:31.6989,5,723
122.243,2024/06/24 12:50:31.9449,5,723
122.248,2024/06/24 12:50:31.9499,3,707
122.489,2024/06/24 12:50:32.1909,5,723
122.736,2024/06/24 12:50:32.4379,5,723
122.981,2024/06/24 12:50:32.6829,5,723
122.987,2024/06/24 12:50:32.6889,3,713
123.72,2024/06/24 12:50:33.4219,5,723
123.726,2024/06/24 12:50:33.4279,3,693
123.967,2024/06/24 12:50:33.6689,5,714
124.213,2024/06/24 12:50:33.9149,5,714
124.218,2024/06/24 12:50:33.9199,3,722
124.459,2024/06/24 12:50:34.1609,5,714
124.706,2024/06/24 12:50:34.4079,5,714
124.957,2024/06/24 12:50:34.6589,3,724
125.444,2024/06/24 12:50:35.1459,5,714
125.69,2024/06/24 12:50:35.3919,5,714
125.696,2024/06/24 12:50:35.3979,3,689
125.936,2024/06/24 12:50:35.6379,5,714
126.183,2024/06/24 12:50:35.8849,5,714
126.429,2024/06/24 12:50:36.1309,5,714
126.435,2024/06/24 12:50:36.1369,3,708
126.675,2024/06/24 12:50:36.3769,5,714
126.922,2024/06/24 12:50:36.6239,5,714
127.168,2024/06/24 12:50:36.8699,5,714
127.174,2024/06/24 12:50:36.8759,3,702
127.414,2024/06/24 12:50:37.1159,5,714
127.661,2024/06/24 12:50:37.3629,5,713
127.667,2024/06/24 12:50:37.3689,3,676
127.907,2024/06/24 12:50:37.6089,5,705
128.152,2024/06/24 12:50:37.8539,5,705
128.399,2024/06/24 12:50:38.1009,5,705
128.405,2024/06/24 12:50:38.1069,3,686
128.645,2024/06/24 12:50:38.3469,5,705
128.891,2024/06/24 12:50:38.5929,5,705
129.138,2024/06/24 12:50:38.8399,5,705
129.144,2024/06/24 12:50:38.8459,3,674
129.384,2024/06/24 12:50:39.0859,5,705
129.63,2024/06/24 12:50:39.3319,5,705
129.877,2024/06/24 12:50:39.5789,5,705
129.883,2024/06/24 12:50:39.5849,3,661
130.123,2024/06/24 12:50:39.8249,5,705
130.369,2024/06/24 12:50:40.0709,5,705
130.375,2024/06/24 12:50:40.0769,3,682
130.616,2024/06/24 12:50:40.3179,5,705
131.355,2024/06/24 12:50:41.0569,5,705
131.361,2024/06/24 12:50:41.0629,3,671
131.601,2024/06/24 12:50:41.3029,5,705
131.848,2024/06/24 12:50:41.5499,5,705
131.853,2024/06/24 12:50:41.5549,3,646
132.093,2024/06/24 12:50:41.7949,5,705
132.339,2024/06/24 12:50:42.0409,5,705
132.345,2024/06/24 12:50:42.0469,3,628
132.586,2024/06/24 12:50:42.2879,5,705
132.832,2024/06/24 12:50:42.5339,5,705
133.078,2024/06/24 12:50:42.7799,5,705
133.084,2024/06/24 12:50:42.7859,3,646
133.325,2024/06/24 12:50:43.0269,5,705
133.577,2024/06/24 12:50:43.2789,3,656
134.064,2024/06/24 12:50:43.7659,5,705
134.31,2024/06/24 12:50:44.0119,5,705
134.316,2024/06/24 12:50:44.0179,3,654
134.556,2024/06/24 12:50:44.2579,5,705
134.803,2024/06/24 12:50:44.5049,5,705
135.049,2024/06/24 12:50:44.7509,5,705
135.054,2024/06/24 12:50:44.7559,3,657
135.295,2024/06/24 12:50:44.9969,5,705
135.542,2024/06/24 12:50:45.2439,5,705
135.787,2024/06/24 12:50:45.4889,5,705
135.793,2024/06/24 12:50:45.4949,3,694
136.033,2024/06/24 12:50:45.7349,5,689
136.28,2024/06/24 12:50:45.9819,5,689
136.526,2024/06/24 12:50:46.2279,5,689
136.532,2024/06/24 12:50:46.2339,3,707
136.772,2024/06/24 12:50:46.4739,5,689
137.019,2024/06/24 12:50:46.7209,5,682
137.265,2024/06/24 12:50:46.9669,5,682
137.271,2024/06/24 12:50:46.9729,3,691
137.511,2024/06/24 12:50:47.2129,5,682
137.764,2024/06/24 12:50:47.4659,3,710
138.25,2024/06/24 12:50:47.9519,5,682
138.497,2024/06/24 12:50:48.1989,5,682
138.743,2024/06/24 12:50:48.4449,5,682
138.748,2024/06/24 12:50:48.4499,3,707
138.989,2024/06/24 12:50:48.6909,5,682
139.235,2024/06/24 12:50:48.9369,5,682
139.241,2024/06/24 12:50:48.9429,3,681
139.481,2024/06/24 12:50:49.1829,5,682
139.727,2024/06/24 12:50:49.4289,5,682
139.974,2024/06/24 12:50:49.6759,5,689
139.98,2024/06/24 12:50:49.6819,3,696
140.22,2024/06/24 12:50:49.9219,5,689
140.467,2024/06/24 12:50:50.1689,5,689
140.472,2024/06/24 12:50:50.1739,3,687
140.713,2024/06/24 12:50:50.4149,5,689
141.212,2024/06/24 12:50:50.9139,3,664
141.452,2024/06/24 12:50:51.1539,5,689
141.95,2024/06/24 12:50:51.6519,3,675
142.191,2024/06/24 12:50:51.8929,5,682
142.437,2024/06/24 12:50:52.1389,5,682
142.684,2024/06/24 12:50:52.3859,5,682
142.689,2024/06/24 12:50:52.3909,3,672
142.929,2024/06/24 12:50:52.6309,5,682
143.175,2024/06/24 12:50:52.8769,5,682
143.181,2024/06/24 12:50:52.8829,3,664
143.422,2024/06/24 12:50:53.1239,5,682
143.668,2024/06/24 12:50:53.3699,5,682
143.92,2024/06/24 12:50:53.6219,3,688
144.407,2024/06/24 12:50:54.1089,5,682
144.653,2024/06/24 12:50:54.3549,5,682
144.659,2024/06/24 12:50:54.3609,3,691
144.9,2024/06/24 12:50:54.6019,5,682
145.146,2024/06/24 12:50:54.8479,5,682
145.392,2024/06/24 12:50:55.0939,5,682
145.397,2024/06/24 12:50:55.0989,3,685
145.639,2024/06/24 12:50:55.3409,5,682
145.885,2024/06/24 12:50:55.5869,5,682
146.131,2024/06/24 12:50:55.8329,5,682
146.136,2024/06/24 12:50:55.8379,3,706
146.378,2024/06/24 12:50:56.0799,5,682
146.623,2024/06/24 12:50:56.3249,5,682
146.869,2024/06/24 12:50:56.5709,5,689
146.875,2024/06/24 12:50:56.5769,3,708
147.116,2024/06/24 12:50:56.8179,5,689
147.362,2024/06/24 12:50:57.0639,5,689
147.368,2024/06/24 12:50:57.0699,3,683
147.608,2024/06/24 12:50:57.3099,5,689
147.855,2024/06/24 12:50:57.5569,5,689
148.101,2024/06/24 12:50:57.8029,5,689
148.107,2024/06/24 12:50:57.8089,3,696
148.347,2024/06/24 12:50:58.0489,5,689
148.594,2024/06/24 12:50:58.2959,5,689
148.84,2024/06/24 12:50:58.5419,5,689
148.845,2024/06/24 12:50:58.5469,3,693
149.086,2024/06/24 12:50:58.7879,5,689
149.333,2024/06/24 12:50:59.0349,5,689
149.579,2024/06/24 12:50:59.2809,5,689
149.584,2024/06/24 12:50:59.2859,3,675
149.825,2024/06/24 12:50:59.5269,5,689
150.072,2024/06/24 12:50:59.7739,5,689
150.317,2024/06/24 12:51:00.0189,5,689
150.323,2024/06/24 12:51:00.0249,3,694
150.564,2024/06/24 12:51:00.2659,5,688
150.81,2024/06/24 12:51:00.5119,5,689
151.056,2024/06/24 12:51:00.7579,5,689
151.062,2024/06/24 12:51:00.7639,3,703
151.303,2024/06/24 12:51:01.0049,5,689
151.549,2024/06/24 12:51:01.2509,5,689
151.555,2024/06/24 12:51:01.2569,3,688
151.795,2024/06/24 12:51:01.4969,5,689
152.042,2024/06/24 12:51:01.7439,5,689
152.288,2024/06/24 12:51:01.9899,5,689
152.293,2024/06/24 12:51:01.9949,3,702
152.534,2024/06/24 12:51:02.2359,5,689
152.781,2024/06/24 12:51:02.4829,5,689
153.027,2024/06/24 12:51:02.7289,5,689
153.032,2024/06/24 12:51:02.7339,3,707
153.273,2024/06/24 12:51:02.9749,5,689
153.52,2024/06/24 12:51:03.2219,5,689
153.771,2024/06/24 12:51:03.4729,3,685
154.51,2024/06/24 12:51:04.2119,3,697
154.75,2024/06/24 12:51:04.4519,5,689
154.998,2024/06/24 12:51:04.6999,5,689
155.003,2024/06/24 12:51:04.7049,3,688
155.243,2024/06/24 12:51:04.9449,5,689
155.489,2024/06/24 12:51:05.1909,5,689
155.736,2024/06/24 12:51:05.4379,5,689
155.742,2024/06/24 12:51:05.4439,3,671
155.982,2024/06/24 12:51:05.6839,5,689
156.228,2024/06/24 12:51:05.9299,5,689
156.475,2024/06/24 12:51:06.1769,5,689
156.48,2024/06/24 12:51:06.1819,3,684
156.721,2024/06/24 12:51:06.4229,5,689
156.967,2024/06/24 12:51:06.6689,5,689
157.214,2024/06/24 12:51:06.9159,5,689
157.219,2024/06/24 12:51:06.9209,3,678
157.711,2024/06/24 12:51:07.4129,3,667
157.952,2024/06/24 12:51:07.6539,5,689
158.198,2024/06/24 12:51:07.8999,5,689
158.444,2024/06/24 12:51:08.1459,5,689
158.943,2024/06/24 12:51:08.6449,3,688
159.183,2024/06/24 12:51:08.8849,5,689
159.189,2024/06/24 12:51:08.8909,3,686
159.43,2024/06/24 12:51:09.1319,5,689
159.676,2024/06/24 12:51:09.3779,5,689
159.923,2024/06/24 12:51:09.6249,5,697
159.928,2024/06/24 12:51:09.6299,3,674
160.169,2024/06/24 12:51:09.8709,5,697
160.42,2024/06/24 12:51:10.1219,3,691
160.908,2024/06/24 12:51:10.6099,5,697
161.154,2024/06/24 12:51:10.8559,5,697
161.159,2024/06/24 12:51:10.8609,3,682
161.4,2024/06/24 12:51:11.1019,5,697
161.646,2024/06/24 12:51:11.3479,5,697
161.892,2024/06/24 12:51:11.5939,5,697
161.898,2024/06/24 12:51:11.5999,3,674
162.139,2024/06/24 12:51:11.8409,5,697
162.385,2024/06/24 12:51:12.0869,5,697
162.631,2024/06/24 12:51:12.3329,5,697
162.636,2024/06/24 12:51:12.3379,3,701
162.878,2024/06/24 12:51:12.5799,5,697
163.375,2024/06/24 12:51:13.0769,3,699
163.863,2024/06/24 12:51:13.5649,5,697
163.868,2024/06/24 12:51:13.5699,3,682
164.109,2024/06/24 12:51:13.8109,5,697
164.356,2024/06/24 12:51:14.0579,5,697
164.607,2024/06/24 12:51:14.3089,3,701
165.095,2024/06/24 12:51:14.7969,5,697
165.34,2024/06/24 12:51:15.0419,5,697
165.346,2024/06/24 12:51:15.0479,3,690
165.586,2024/06/24 12:51:15.2879,5,697
165.833,2024/06/24 12:51:15.5349,5,697
166.079,2024/06/24 12:51:15.7809,5,697
166.084,2024/06/24 12:51:15.7859,3,678
166.326,2024/06/24 12:51:16.0279,5,697
166.572,2024/06/24 12:51:16.2739,5,697
166.818,2024/06/24 12:51:16.5199,5,697
166.823,2024/06/24 12:51:16.5249,3,693
167.065,2024/06/24 12:51:16.7669,5,697
167.311,2024/06/24 12:51:17.0129,5,697
167.316,2024/06/24 12:51:17.0179,3,684
168.05,2024/06/24 12:51:17.7519,5,697
168.055,2024/06/24 12:51:17.7569,3,667
168.296,2024/06/24 12:51:17.9979,5,697
168.542,2024/06/24 12:51:18.2439,5,697
168.788,2024/06/24 12:51:18.4899,5,697
168.794,2024/06/24 12:51:18.4959,3,680
169.527,2024/06/24 12:51:19.2289,5,689
169.532,2024/06/24 12:51:19.2339,3,681
169.773,2024/06/24 12:51:19.4749,5,689
170.02,2024/06/24 12:51:19.7219,5,689
170.266,2024/06/24 12:51:19.9679,5,689
170.512,2024/06/24 12:51:20.2139,5,689
170.517,2024/06/24 12:51:20.2189,3,669
170.759,2024/06/24 12:51:20.4609,5,689
170.764,2024/06/24 12:51:20.4659,3,690
171.005,2024/06/24 12:51:20.7069,5,689
171.251,2024/06/24 12:51:20.9529,5,689
171.498,2024/06/24 12:51:21.1999,5,689
171.503,2024/06/24 12:51:21.2049,3,690
171.744,2024/06/24 12:51:21.4459,5,689
171.989,2024/06/24 12:51:21.6909,5,689
172.237,2024/06/24 12:51:21.9389,5,689
172.242,2024/06/24 12:51:21.9439,3,675
172.733,2024/06/24 12:51:22.4349,3,687
172.975,2024/06/24 12:51:22.6769,5,689
173.221,2024/06/24 12:51:22.9229,5,688
173.467,2024/06/24 12:51:23.1689,5,689
173.472,2024/06/24 12:51:23.1739,3,694
173.714,2024/06/24 12:51:23.4159,5,689
173.96,2024/06/24 12:51:23.6619,5,689
174.207,2024/06/24 12:51:23.9089,5,689
174.211,2024/06/24 12:51:23.9129,3,681
174.453,2024/06/24 12:51:24.1549,5,689
174.699,2024/06/24 12:51:24.4009,5,689
174.946,2024/06/24 12:51:24.6479,5,689
174.951,2024/06/24 12:51:24.6529,3,695
175.192,2024/06/24 12:51:24.8939,5,689
175.438,2024/06/24 12:51:25.1399,5,689
175.685,2024/06/24 12:51:25.3869,5,689
175.69,2024/06/24 12:51:25.3919,3,706
175.931,2024/06/24 12:51:25.6329,5,689
176.177,2024/06/24 12:51:25.8789,5,689
176.423,2024/06/24 12:51:26.1249,5,689
176.429,2024/06/24 12:51:26.1309,3,687
176.669,2024/06/24 12:51:26.3709,5,689
176.915,2024/06/24 12:51:26.6169,5,689
176.92,2024/06/24 12:51:26.6219,3,697
177.162,2024/06/24 12:51:26.8639,5,689
177.408,2024/06/24 12:51:27.1099,5,689
177.654,2024/06/24 12:51:27.3559,5,689
177.659,2024/06/24 12:51:27.3609,3,700
177.901,2024/06/24 12:51:27.6029,5,689
178.147,2024/06/24 12:51:27.8489,5,689
178.393,2024/06/24 12:51:28.0949,5,689
178.398,2024/06/24 12:51:28.0999,3,684
179.132,2024/06/24 12:51:28.8339,5,689
179.137,2024/06/24 12:51:28.8389,3,687
179.378,2024/06/24 12:51:29.0799,5,689
179.626,2024/06/24 12:51:29.3279,5,689
179.629,2024/06/24 12:51:29.3309,3,688
179.87,2024/06/24 12:51:29.5719,5,689
180.117,2024/06/24 12:51:29.8189,5,689
180.363,2024/06/24 12:51:30.0649,5,689
180.609,2024/06/24 12:51:30.3109,5,689
180.615,2024/06/24 12:51:30.3169,3,667
180.856,2024/06/24 12:51:30.5579,5,689
181.102,2024/06/24 12:51:30.8039,5,689
181.107,2024/06/24 12:51:30.8089,3,674
181.348,2024/06/24 12:51:31.0499,5,689
181.595,2024/06/24 12:51:31.2969,5,689
181.841,2024/06/24 12:51:31.5429,5,689
182.092,2024/06/24 12:51:31.7939,3,677
182.58,2024/06/24 12:51:32.2819,5,689
182.585,2024/06/24 12:51:32.2869,3,668
183.078,2024/06/24 12:51:32.7799,3,687
183.318,2024/06/24 12:51:33.0199,5,689
183.564,2024/06/24 12:51:33.2659,5,689
183.811,2024/06/24 12:51:33.5129,5,689
183.816,2024/06/24 12:51:33.5179,3,693
184.057,2024/06/24 12:51:33.7589,5,689
184.304,2024/06/24 12:51:34.0059,5,689
184.55,2024/06/24 12:51:34.2519,5,689
184.555,2024/06/24 12:51:34.2569,3,680
184.796,2024/06/24 12:51:34.4979,5,689
185.043,2024/06/24 12:51:34.7449,5,689
185.289,2024/06/24 12:51:34.9909,5,689
185.294,2024/06/24 12:51:34.9959,3,687
185.535,2024/06/24 12:51:35.2369,5,689
185.782,2024/06/24 12:51:35.4839,5,689
186.028,2024/06/24 12:51:35.7299,5,689
186.033,2024/06/24 12:51:35.7349,3,709
186.274,2024/06/24 12:51:35.9759,5,689
186.521,2024/06/24 12:51:36.2229,5,689
186.767,2024/06/24 12:51:36.4689,5,689
186.772,2024/06/24 12:51:36.4739,3,712
187.012,2024/06/24 12:51:36.7139,5,689
187.26,2024/06/24 12:51:36.9619,5,689
187.264,2024/06/24 12:51:36.9659,3,691
187.505,2024/06/24 12:51:37.2069,5,689
187.751,2024/06/24 12:51:37.4529,5,689
187.998,2024/06/24 12:51:37.6999,5,682
188.003,2024/06/24 12:51:37.7049,3,714
188.244,2024/06/24 12:51:37.9459,5,682
188.49,2024/06/24 12:51:38.1919,5,682
188.742,2024/06/24 12:51:38.4439,3,702
189.727,2024/06/24 12:51:39.4289,3,678
189.968,2024/06/24 12:51:39.6699,5,682
189.973,2024/06/24 12:51:39.6749,3,690
190.215,2024/06/24 12:51:39.9169,5,682
190.461,2024/06/24 12:51:40.1629,5,682
190.707,2024/06/24 12:51:40.4089,5,682
190.711,2024/06/24 12:51:40.4129,3,684
190.953,2024/06/24 12:51:40.6549,5,682
191.199,2024/06/24 12:51:40.9009,5,682
191.45,2024/06/24 12:51:41.1519,3,659
192.189,2024/06/24 12:51:41.8909,3,667
192.431,2024/06/24 12:51:42.1329,5,682
192.677,2024/06/24 12:51:42.3789,5,682
192.923,2024/06/24 12:51:42.6249,5,689
192.928,2024/06/24 12:51:42.6299,3,671
193.17,2024/06/24 12:51:42.8719,5,689
193.416,2024/06/24 12:51:43.1179,5,689
193.421,2024/06/24 12:51:43.1229,3,672
193.662,2024/06/24 12:51:43.3639,5,689
193.909,2024/06/24 12:51:43.6109,5,689
194.155,2024/06/24 12:51:43.8569,5,689
194.159,2024/06/24 12:51:43.8609,3,679
194.402,2024/06/24 12:51:44.1039,5,689
194.648,2024/06/24 12:51:44.3499,5,689
194.893,2024/06/24 12:51:44.5949,5,689
194.898,2024/06/24 12:51:44.5999,3,710
195.632,2024/06/24 12:51:45.3339,5,689
195.637,2024/06/24 12:51:45.3389,3,705
195.879,2024/06/24 12:51:45.5809,5,689
196.125,2024/06/24 12:51:45.8269,5,688
196.371,2024/06/24 12:51:46.0729,5,689
196.376,2024/06/24 12:51:46.0779,3,695
196.618,2024/06/24 12:51:46.3199,5,689
196.864,2024/06/24 12:51:46.5659,5,697
197.11,2024/06/24 12:51:46.8119,5,697
197.115,2024/06/24 12:51:46.8169,3,739
197.357,2024/06/24 12:51:47.0589,5,697
197.603,2024/06/24 12:51:47.3049,5,697
197.849,2024/06/24 12:51:47.5509,5,697
197.856,2024/06/24 12:51:47.5579,3,739
198.587,2024/06/24 12:51:48.2889,5,697
198.592,2024/06/24 12:51:48.2939,3,714
198.834,2024/06/24 12:51:48.5359,5,697
199.08,2024/06/24 12:51:48.7819,5,697
199.326,2024/06/24 12:51:49.0279,5,697
199.331,2024/06/24 12:51:49.0329,3,730
199.573,2024/06/24 12:51:49.2749,5,697
199.819,2024/06/24 12:51:49.5209,5,689
200.065,2024/06/24 12:51:49.7669,5,689
200.07,2024/06/24 12:51:49.7719,3,732
200.312,2024/06/24 12:51:50.0139,5,689
200.558,2024/06/24 12:51:50.2599,5,689
200.563,2024/06/24 12:51:50.2649,3,700
200.804,2024/06/24 12:51:50.5059,5,689
201.051,2024/06/24 12:51:50.7529,5,682
201.297,2024/06/24 12:51:50.9989,5,682
201.302,2024/06/24 12:51:51.0039,3,719
201.543,2024/06/24 12:51:51.2449,5,682
201.79,2024/06/24 12:51:51.4919,5,682
202.035,2024/06/24 12:51:51.7369,5,682
202.04,2024/06/24 12:51:51.7419,3,699
202.779,2024/06/24 12:51:52.4809,3,679
203.267,2024/06/24 12:51:52.9689,5,682
203.272,2024/06/24 12:51:52.9739,3,692
203.513,2024/06/24 12:51:53.2149,5,682
203.76,2024/06/24 12:51:53.4619,5,682
204.006,2024/06/24 12:51:53.7079,5,682
204.011,2024/06/24 12:51:53.7129,3,687
204.252,2024/06/24 12:51:53.9539,5,682
204.499,2024/06/24 12:51:54.2009,5,682
204.749,2024/06/24 12:51:54.4509,3,676
205.238,2024/06/24 12:51:54.9399,5,697
205.484,2024/06/24 12:51:55.1859,5,697
205.488,2024/06/24 12:51:55.1899,3,700
205.729,2024/06/24 12:51:55.4309,5,697
205.976,2024/06/24 12:51:55.6779,5,705
206.222,2024/06/24 12:51:55.9239,5,705
206.227,2024/06/24 12:51:55.9289,3,701
206.468,2024/06/24 12:51:56.1699,5,705
206.715,2024/06/24 12:51:56.4169,5,705
206.961,2024/06/24 12:51:56.6629,5,705
206.966,2024/06/24 12:51:56.6679,3,688
207.207,2024/06/24 12:51:56.9089,5,705
207.454,2024/06/24 12:51:57.1559,5,705
207.459,2024/06/24 12:51:57.1609,3,713
208.193,2024/06/24 12:51:57.8949,5,705
208.198,2024/06/24 12:51:57.8999,3,711
208.439,2024/06/24 12:51:58.1409,5,705
208.685,2024/06/24 12:51:58.3869,5,705
208.932,2024/06/24 12:51:58.6339,5,705
208.936,2024/06/24 12:51:58.6379,3,689
209.178,2024/06/24 12:51:58.8799,5,705
209.424,2024/06/24 12:51:59.1259,5,705
209.67,2024/06/24 12:51:59.3719,5,705
209.675,2024/06/24 12:51:59.3769,3,709
209.916,2024/06/24 12:51:59.6179,5,705
210.162,2024/06/24 12:51:59.8639,5,705
210.414,2024/06/24 12:52:00.1159,3,691
210.901,2024/06/24 12:52:00.6029,5,697
211.148,2024/06/24 12:52:00.8499,5,697
211.153,2024/06/24 12:52:00.8549,3,674
211.394,2024/06/24 12:52:01.0959,5,697
211.64,2024/06/24 12:52:01.3419,5,697
211.645,2024/06/24 12:52:01.3469,3,686
211.888,2024/06/24 12:52:01.5899,5,697
212.133,2024/06/24 12:52:01.8349,5,697
212.379,2024/06/24 12:52:02.0809,5,697
212.63,2024/06/24 12:52:02.3319,3,689
213.122,2024/06/24 12:52:02.8239,3,677
213.61,2024/06/24 12:52:03.3119,5,697
213.857,2024/06/24 12:52:03.5589,5,697
213.861,2024/06/24 12:52:03.5629,3,697
214.103,2024/06/24 12:52:03.8049,5,697
214.349,2024/06/24 12:52:04.0509,5,697
214.596,2024/06/24 12:52:04.2979,5,697
214.601,2024/06/24 12:52:04.3029,3,700
214.842,2024/06/24 12:52:04.5439,5,697
215.088,2024/06/24 12:52:04.7899,5,697
215.093,2024/06/24 12:52:04.7949,3,684
215.335,2024/06/24 12:52:05.0369,5,697
215.581,2024/06/24 12:52:05.2829,5,697
215.827,2024/06/24 12:52:05.5289,5,697
215.831,2024/06/24 12:52:05.5329,3,697
216.074,2024/06/24 12:52:05.7759,5,697
216.32,2024/06/24 12:52:06.0219,5,697
216.566,2024/06/24 12:52:06.2679,5,697
216.57,2024/06/24 12:52:06.2719,3,694
217.304,2024/06/24 12:52:07.0059,5,697
217.309,2024/06/24 12:52:07.0109,3,672
217.551,2024/06/24 12:52:07.2529,5,697
217.797,2024/06/24 12:52:07.4989,5,697
217.802,2024/06/24 12:52:07.5039,3,684
218.043,2024/06/24 12:52:07.7449,5,689
218.29,2024/06/24 12:52:07.9919,5,689
218.536,2024/06/24 12:52:08.2379,5,689
218.541,2024/06/24 12:52:08.2429,3,680
218.782,2024/06/24 12:52:08.4839,5,688
219.029,2024/06/24 12:52:08.7309,5,689
219.275,2024/06/24 12:52:08.9769,5,689
219.521,2024/06/24 12:52:09.2229,5,689
219.525,2024/06/24 12:52:09.2269,3,662
219.768,2024/06/24 12:52:09.4699,5,689
219.772,2024/06/24 12:52:09.4739,3,680
220.014,2024/06/24 12:52:09.7159,5,689
220.26,2024/06/24 12:52:09.9619,5,689
220.507,2024/06/24 12:52:10.2089,5,689
220.511,2024/06/24 12:52:10.2129,3,676
220.752,2024/06/24 12:52:10.4539,5,689
220.998,2024/06/24 12:52:10.6999,5,689
221.245,2024/06/24 12:52:10.9469,5,689
221.25,2024/06/24 12:52:10.9519,3,664
221.491,2024/06/24 12:52:11.1929,5,689
221.989,2024/06/24 12:52:11.6909,3,682
222.23,2024/06/24 12:52:11.9319,5,689
222.476,2024/06/24 12:52:12.1779,5,689
222.48,2024/06/24 12:52:12.1819,3,681
222.723,2024/06/24 12:52:12.4249,5,689
222.969,2024/06/24 12:52:12.6709,5,689
223.215,2024/06/24 12:52:12.9169,5,689
223.219,2024/06/24 12:52:12.9209,3,668
223.462,2024/06/24 12:52:13.1639,5,689
223.708,2024/06/24 12:52:13.4099,5,689
224.446,2024/06/24 12:52:14.1479,5,682
224.451,2024/06/24 12:52:14.1529,3,694
224.693,2024/06/24 12:52:14.3949,5,682
224.698,2024/06/24 12:52:14.3999,3,696
224.939,2024/06/24 12:52:14.6409,5,682
225.185,2024/06/24 12:52:14.8869,5,682
225.432,2024/06/24 12:52:15.1339,5,682
225.437,2024/06/24 12:52:15.1389,3,681
225.678,2024/06/24 12:52:15.3799,5,682
225.924,2024/06/24 12:52:15.6259,5,682
226.171,2024/06/24 12:52:15.8729,5,682
226.175,2024/06/24 12:52:15.8769,3,698
226.667,2024/06/24 12:52:16.3689,3,705
226.91,2024/06/24 12:52:16.6119,5,674
227.156,2024/06/24 12:52:16.8579,5,674
227.402,2024/06/24 12:52:17.1039,5,674
227.406,2024/06/24 12:52:17.1079,3,679
227.649,2024/06/24 12:52:17.3509,5,674
227.895,2024/06/24 12:52:17.5969,5,674
228.141,2024/06/24 12:52:17.8429,5,674
228.145,2024/06/24 12:52:17.8469,3,694
228.387,2024/06/24 12:52:18.0889,5,674
228.634,2024/06/24 12:52:18.3359,5,674
228.879,2024/06/24 12:52:18.5809,5,674
228.884,2024/06/24 12:52:18.5859,3,690
229.126,2024/06/24 12:52:18.8279,5,674
229.372,2024/06/24 12:52:19.0739,5,674
229.618,2024/06/24 12:52:19.3199,5,674
229.865,2024/06/24 12:52:19.5669,5,674
229.869,2024/06/24 12:52:19.5709,3,679
230.111,2024/06/24 12:52:19.8129,5,674
230.116,2024/06/24 12:52:19.8179,3,694
230.357,2024/06/24 12:52:20.0589,5,674
230.604,2024/06/24 12:52:20.3059,5,674
230.85,2024/06/24 12:52:20.5519,5,674
230.854,2024/06/24 12:52:20.5559,3,696
231.096,2024/06/24 12:52:20.7979,5,674
231.343,2024/06/24 12:52:21.0449,5,674
231.589,2024/06/24 12:52:21.2909,5,674
231.593,2024/06/24 12:52:21.2949,3,683
231.835,2024/06/24 12:52:21.5369,5,682
232.332,2024/06/24 12:52:22.0339,3,696
232.573,2024/06/24 12:52:22.2749,5,682
232.82,2024/06/24 12:52:22.5219,5,682
233.07,2024/06/24 12:52:22.7719,3,703
233.563,2024/06/24 12:52:23.2649,3,699
234.052,2024/06/24 12:52:23.7539,5,682
234.298,2024/06/24 12:52:23.9999,5,682
234.302,2024/06/24 12:52:24.0039,3,678
234.544,2024/06/24 12:52:24.2459,5,682
234.791,2024/06/24 12:52:24.4929,5,682
235.037,2024/06/24 12:52:24.7389,5,689
235.283,2024/06/24 12:52:24.9849,5,689
235.287,2024/06/24 12:52:24.9889,3,693
235.53,2024/06/24 12:52:25.2319,5,689
235.78,2024/06/24 12:52:25.4819,3,693
236.268,2024/06/24 12:52:25.9699,5,689
236.514,2024/06/24 12:52:26.2159,5,689
236.519,2024/06/24 12:52:26.2209,3,680
236.76,2024/06/24 12:52:26.4619,5,689
237.007,2024/06/24 12:52:26.7089,5,689
237.012,2024/06/24 12:52:26.7139,3,690
237.253,2024/06/24 12:52:26.9549,5,689
237.499,2024/06/24 12:52:27.2009,5,689
237.746,2024/06/24 12:52:27.4479,5,689
237.75,2024/06/24 12:52:27.4519,3,688
237.992,2024/06/24 12:52:27.6939,5,689
238.238,2024/06/24 12:52:27.9399,5,689
238.485,2024/06/24 12:52:28.1869,5,689
238.489,2024/06/24 12:52:28.1909,3,676
238.731,2024/06/24 12:52:28.4329,5,689
238.977,2024/06/24 12:52:28.6789,5,689
239.224,2024/06/24 12:52:28.9259,5,689
239.228,2024/06/24 12:52:28.9299,3,692
239.962,2024/06/24 12:52:29.6639,5,689
240.208,2024/06/24 12:52:29.9099,5,689
240.212,2024/06/24 12:52:29.9139,3,675
240.454,2024/06/24 12:52:30.1559,5,689
240.458,2024/06/24 12:52:30.1599,3,662
240.701,2024/06/24 12:52:30.4029,5,689
240.947,2024/06/24 12:52:30.6489,5,689
241.197,2024/06/24 12:52:30.8989,3,674
241.686,2024/06/24 12:52:31.3879,5,689
241.932,2024/06/24 12:52:31.6339,5,688
241.936,2024/06/24 12:52:31.6379,3,676
242.179,2024/06/24 12:52:31.8809,5,689
242.425,2024/06/24 12:52:32.1269,5,689
242.671,2024/06/24 12:52:32.3729,5,689
242.675,2024/06/24 12:52:32.3769,3,673
242.918,2024/06/24 12:52:32.6199,5,689
243.163,2024/06/24 12:52:32.8649,5,689
243.168,2024/06/24 12:52:32.8699,3,706
243.41,2024/06/24 12:52:33.1119,5,689
243.656,2024/06/24 12:52:33.3579,5,689
243.902,2024/06/24 12:52:33.6039,5,689
243.906,2024/06/24 12:52:33.6079,3,709
244.149,2024/06/24 12:52:33.8509,5,689
244.395,2024/06/24 12:52:34.0969,5,689
244.892,2024/06/24 12:52:34.5939,3,693
245.134,2024/06/24 12:52:34.8359,5,682
245.38,2024/06/24 12:52:35.0819,5,682
245.384,2024/06/24 12:52:35.0859,3,716
245.627,2024/06/24 12:52:35.3289,5,682
245.873,2024/06/24 12:52:35.5749,5,682
246.119,2024/06/24 12:52:35.8209,5,682
246.123,2024/06/24 12:52:35.8249,3,716
246.858,2024/06/24 12:52:36.5599,5,682
246.862,2024/06/24 12:52:36.5639,3,693
247.106,2024/06/24 12:52:36.8079,5,682
247.35,2024/06/24 12:52:37.0519,5,682
247.596,2024/06/24 12:52:37.2979,5,682
247.6,2024/06/24 12:52:37.3019,3,714
247.843,2024/06/24 12:52:37.5449,5,682
248.089,2024/06/24 12:52:37.7909,5,682
248.093,2024/06/24 12:52:37.7949,3,695
248.335,2024/06/24 12:52:38.0369,5,682
248.582,2024/06/24 12:52:38.2839,5,682
248.828,2024/06/24 12:52:38.5299,5,682
248.832,2024/06/24 12:52:38.5339,3,677
249.074,2024/06/24 12:52:38.7759,5,682
249.321,2024/06/24 12:52:39.0229,5,682
249.567,2024/06/24 12:52:39.2689,5,682
249.571,2024/06/24 12:52:39.2729,3,688
249.813,2024/06/24 12:52:39.5149,5,682
250.06,2024/06/24 12:52:39.7619,5,682
250.306,2024/06/24 12:52:40.0079,5,682
250.31,2024/06/24 12:52:40.0119,3,680
250.552,2024/06/24 12:52:40.2539,5,682
250.798,2024/06/24 12:52:40.4999,5,682
250.802,2024/06/24 12:52:40.5039,3,666
251.044,2024/06/24 12:52:40.7459,5,689
251.29,2024/06/24 12:52:40.9919,5,689
251.541,2024/06/24 12:52:41.2429,3,682
252.276,2024/06/24 12:52:41.9779,5,689
252.28,2024/06/24 12:52:41.9819,3,684
252.522,2024/06/24 12:52:42.2239,5,689
252.768,2024/06/24 12:52:42.4699,5,689
253.015,2024/06/24 12:52:42.7169,5,689
253.019,2024/06/24 12:52:42.7209,3,669
253.261,2024/06/24 12:52:42.9629,5,689
253.508,2024/06/24 12:52:43.2099,5,689
253.512,2024/06/24 12:52:43.2139,3,690
253.754,2024/06/24 12:52:43.4559,5,689
254.0,2024/06/24 12:52:43.7019,5,689
254.246,2024/06/24 12:52:43.9479,5,689
254.25,2024/06/24 12:52:43.9519,3,696
254.492,2024/06/24 12:52:44.1939,5,689
254.989,2024/06/24 12:52:44.6909,3,675
255.231,2024/06/24 12:52:44.9329,5,689
255.477,2024/06/24 12:52:45.1789,5,689
255.724,2024/06/24 12:52:45.4259,5,689
255.728,2024/06/24 12:52:45.4299,3,700
255.97,2024/06/24 12:52:45.6719,5,689
256.216,2024/06/24 12:52:45.9179,5,689
256.463,2024/06/24 12:52:46.1649,5,689
256.709,2024/06/24 12:52:46.4109,5,689
256.713,2024/06/24 12:52:46.4149,3,704
256.955,2024/06/24 12:52:46.6569,5,689
256.959,2024/06/24 12:52:46.6609,3,687
257.202,2024/06/24 12:52:46.9039,5,689
257.448,2024/06/24 12:52:47.1499,5,689
257.694,2024/06/24 12:52:47.3959,5,689
257.697,2024/06/24 12:52:47.3989,3,695
257.94,2024/06/24 12:52:47.6419,5,689
258.187,2024/06/24 12:52:47.8889,5,689
258.432,2024/06/24 12:52:48.1339,5,689
258.436,2024/06/24 12:52:48.1379,3,694
258.679,2024/06/24 12:52:48.3809,5,689
258.925,2024/06/24 12:52:48.6269,5,682
259.171,2024/06/24 12:52:48.8729,5,682
259.175,2024/06/24 12:52:48.8769,3,672
259.418,2024/06/24 12:52:49.1199,5,682
259.664,2024/06/24 12:52:49.3659,5,682
259.668,2024/06/24 12:52:49.3699,3,676
259.91,2024/06/24 12:52:49.6119,5,682
260.157,2024/06/24 12:52:49.8589,5,682
260.403,2024/06/24 12:52:50.1049,5,682
260.407,2024/06/24 12:52:50.1089,3,674
260.649,2024/06/24 12:52:50.3509,5,682
260.896,2024/06/24 12:52:50.5979,5,682
261.142,2024/06/24 12:52:50.8439,5,682
261.145,2024/06/24 12:52:50.8469,3,660
261.388,2024/06/24 12:52:51.0899,5,682
261.634,2024/06/24 12:52:51.3359,5,682
261.88,2024/06/24 12:52:51.5819,5,682
261.884,2024/06/24 12:52:51.5859,3,669
262.127,2024/06/24 12:52:51.8289,5,682
262.373,2024/06/24 12:52:52.0749,5,682
262.377,2024/06/24 12:52:52.0789,3,672
262.619,2024/06/24 12:52:52.3209,5,682
262.866,2024/06/24 12:52:52.5679,5,682
263.112,2024/06/24 12:52:52.8139,5,682
263.116,2024/06/24 12:52:52.8179,3,657
263.358,2024/06/24 12:52:53.0599,5,682
263.605,2024/06/24 12:52:53.3069,5,682
263.851,2024/06/24 12:52:53.5529,5,682
263.855,2024/06/24 12:52:53.5569,3,662
264.097,2024/06/24 12:52:53.7989,5,682
264.344,2024/06/24 12:52:54.0459,5,682
264.59,2024/06/24 12:52:54.2919,5,682
264.594,2024/06/24 12:52:54.2959,3,677
264.836,2024/06/24 12:52:54.5379,5,681
265.083,2024/06/24 12:52:54.7849,5,682
265.086,2024/06/24 12:52:54.7879,3,697
265.328,2024/06/24 12:52:55.0299,5,682
265.574,2024/06/24 12:52:55.2759,5,682
265.821,2024/06/24 12:52:55.5229,5,682
265.825,2024/06/24 12:52:55.5269,3,685
266.067,2024/06/24 12:52:55.7689,5,682
266.313,2024/06/24 12:52:56.0149,5,682
266.56,2024/06/24 12:52:56.2619,5,682
266.564,2024/06/24 12:52:56.2659,3,719
266.806,2024/06/24 12:52:56.5079,5,682
267.052,2024/06/24 12:52:56.7539,5,682
267.299,2024/06/24 12:52:57.0009,5,682
267.303,2024/06/24 12:52:57.0049,3,722
267.545,2024/06/24 12:52:57.2469,5,682
268.042,2024/06/24 12:52:57.7439,3,702
268.284,2024/06/24 12:52:57.9859,5,674
268.53,2024/06/24 12:52:58.2319,5,674
268.777,2024/06/24 12:52:58.4789,5,674
268.78,2024/06/24 12:52:58.4819,3,747
269.023,2024/06/24 12:52:58.7249,5,674
269.268,2024/06/24 12:52:58.9699,5,674
269.515,2024/06/24 12:52:59.2169,5,674
269.519,2024/06/24 12:52:59.2209,3,737
269.761,2024/06/24 12:52:59.4629,5,674
270.007,2024/06/24 12:52:59.7089,5,674
270.254,2024/06/24 12:52:59.9559,5,674
270.258,2024/06/24 12:52:59.9599,3,705
270.5,2024/06/24 12:53:00.2019,5,674
270.746,2024/06/24 12:53:00.4479,5,674
270.997,2024/06/24 12:53:00.6989,3,720
271.485,2024/06/24 12:53:01.1869,5,674
271.489,2024/06/24 12:53:01.1909,3,698
271.732,2024/06/24 12:53:01.4339,5,674
271.978,2024/06/24 12:53:01.6799,5,674
272.227,2024/06/24 12:53:01.9289,3,681
272.717,2024/06/24 12:53:02.4189,5,674
272.963,2024/06/24 12:53:02.6649,5,682
272.968,2024/06/24 12:53:02.6699,3,693
273.21,2024/06/24 12:53:02.9119,5,682
273.706,2024/06/24 12:53:03.4079,3,693
273.948,2024/06/24 12:53:03.6499,5,697
274.194,2024/06/24 12:53:03.8959,5,697
274.441,2024/06/24 12:53:04.1429,5,697
274.445,2024/06/24 12:53:04.1469,3,672
274.687,2024/06/24 12:53:04.3889,5,697
274.933,2024/06/24 12:53:04.6349,5,705
274.937,2024/06/24 12:53:04.6389,3,690
275.18,2024/06/24 12:53:04.8819,5,705
275.426,2024/06/24 12:53:05.1279,5,705
275.672,2024/06/24 12:53:05.3739,5,705
275.676,2024/06/24 12:53:05.3779,3,692
275.919,2024/06/24 12:53:05.6209,5,705
276.165,2024/06/24 12:53:05.8669,5,705
276.411,2024/06/24 12:53:06.1129,5,705
276.414,2024/06/24 12:53:06.1159,3,677
276.657,2024/06/24 12:53:06.3589,5,705
276.904,2024/06/24 12:53:06.6059,5,714
277.153,2024/06/24 12:53:06.8549,3,702
277.642,2024/06/24 12:53:07.3439,5,714
277.888,2024/06/24 12:53:07.5899,5,714
277.892,2024/06/24 12:53:07.5939,3,694
278.135,2024/06/24 12:53:07.8369,5,714
278.381,2024/06/24 12:53:08.0829,5,714
278.385,2024/06/24 12:53:08.0869,3,680
278.627,2024/06/24 12:53:08.3289,5,714
278.874,2024/06/24 12:53:08.5759,5,714
279.12,2024/06/24 12:53:08.8219,5,714
279.123,2024/06/24 12:53:08.8249,3,703
279.366,2024/06/24 12:53:09.0679,5,714
279.613,2024/06/24 12:53:09.3149,5,714
279.862,2024/06/24 12:53:09.5639,5,705
279.863,2024/06/24 12:53:09.5649,3,710
280.597,2024/06/24 12:53:10.2989,5,705
280.601,2024/06/24 12:53:10.3029,3,688
280.843,2024/06/24 12:53:10.5449,5,705
281.09,2024/06/24 12:53:10.7919,5,705
281.34,2024/06/24 12:53:11.0419,3,712
281.829,2024/06/24 12:53:11.5309,5,705
282.075,2024/06/24 12:53:11.7769,5,705
282.079,2024/06/24 12:53:11.7809,3,708
282.322,2024/06/24 12:53:12.0239,5,705
282.568,2024/06/24 12:53:12.2699,5,705
282.817,2024/06/24 12:53:12.5189,3,688
283.307,2024/06/24 12:53:13.0089,5,697
283.311,2024/06/24 12:53:13.0129,3,701
283.553,2024/06/24 12:53:13.2549,5,697
283.8,2024/06/24 12:53:13.5019,5,697
284.046,2024/06/24 12:53:13.7479,5,689
284.049,2024/06/24 12:53:13.7509,3,704
284.293,2024/06/24 12:53:13.9949,5,689
284.538,2024/06/24 12:53:14.2399,5,689
284.784,2024/06/24 12:53:14.4859,5,689
284.788,2024/06/24 12:53:14.4899,3,690
285.03,2024/06/24 12:53:14.7319,5,689
285.277,2024/06/24 12:53:14.9789,5,689
285.523,2024/06/24 12:53:15.2249,5,689
285.526,2024/06/24 12:53:15.2279,3,704
285.769,2024/06/24 12:53:15.4709,5,689
286.016,2024/06/24 12:53:15.7179,5,689
286.262,2024/06/24 12:53:15.9639,5,689
286.265,2024/06/24 12:53:15.9669,3,715
286.508,2024/06/24 12:53:16.2099,5,689
286.755,2024/06/24 12:53:16.4569,5,689
287.001,2024/06/24 12:53:16.7029,5,689
287.004,2024/06/24 12:53:16.7059,3,687
287.247,2024/06/24 12:53:16.9489,5,689
287.493,2024/06/24 12:53:17.1949,5,689
287.739,2024/06/24 12:53:17.4409,5,688
287.985,2024/06/24 12:53:17.6869,5,689
287.989,2024/06/24 12:53:17.6909,3,705
288.232,2024/06/24 12:53:17.9339,5,689
288.236,2024/06/24 12:53:17.9379,3,700
288.478,2024/06/24 12:53:18.1799,5,689
288.724,2024/06/24 12:53:18.4259,5,689
288.971,2024/06/24 12:53:18.6729,5,697
288.975,2024/06/24 12:53:18.6769,3,680
289.217,2024/06/24 12:53:18.9189,5,697
289.463,2024/06/24 12:53:19.1649,5,697
289.71,2024/06/24 12:53:19.4119,5,697
289.713,2024/06/24 12:53:19.4149,3,699
289.956,2024/06/24 12:53:19.6579,5,697
290.202,2024/06/24 12:53:19.9039,5,697
290.452,2024/06/24 12:53:20.1539,3,694
290.941,2024/06/24 12:53:20.6429,5,697
291.188,2024/06/24 12:53:20.8899,5,697
291.191,2024/06/24 12:53:20.8929,3,680
291.436,2024/06/24 12:53:21.1379,5,697
291.68,2024/06/24 12:53:21.3819,5,697
291.684,2024/06/24 12:53:21.3859,3,699
291.926,2024/06/24 12:53:21.6279,5,697
292.172,2024/06/24 12:53:21.8739,5,697
292.419,2024/06/24 12:53:22.1209,5,697
292.423,2024/06/24 12:53:22.1249,3,701
292.665,2024/06/24 12:53:22.3669,5,697
292.911,2024/06/24 12:53:22.6129,5,697
293.161,2024/06/24 12:53:22.8629,3,678
293.65,2024/06/24 12:53:23.3519,5,697
293.897,2024/06/24 12:53:23.5989,5,697
293.9,2024/06/24 12:53:23.6019,3,682
294.392,2024/06/24 12:53:24.0939,3,678
294.636,2024/06/24 12:53:24.3379,5,697
294.882,2024/06/24 12:53:24.5839,5,697
295.131,2024/06/24 12:53:24.8329,3,660
295.62,2024/06/24 12:53:25.3219,5,697
295.866,2024/06/24 12:53:25.5679,5,697
295.87,2024/06/24 12:53:25.5719,3,668
296.113,2024/06/24 12:53:25.8149,5,697
296.359,2024/06/24 12:53:26.0609,5,697
296.362,2024/06/24 12:53:26.0639,3,666
296.605,2024/06/24 12:53:26.3069,5,697
296.852,2024/06/24 12:53:26.5539,5,689
297.098,2024/06/24 12:53:26.7999,5,689
297.344,2024/06/24 12:53:27.0459,5,689
297.347,2024/06/24 12:53:27.0489,3,659
297.591,2024/06/24 12:53:27.2929,5,689
297.837,2024/06/24 12:53:27.5389,5,689
297.84,2024/06/24 12:53:27.5419,3,678
298.083,2024/06/24 12:53:27.7849,5,689
298.33,2024/06/24 12:53:28.0319,5,689
298.576,2024/06/24 12:53:28.2779,5,689
298.579,2024/06/24 12:53:28.2809,3,680
298.822,2024/06/24 12:53:28.5239,5,689
299.072,2024/06/24 12:53:28.7739,3,670
299.56,2024/06/24 12:53:29.2619,5,689
299.807,2024/06/24 12:53:29.5089,5,689
299.81,2024/06/24 12:53:29.5119,3,697
300.053,2024/06/24 12:53:29.7549,5,689
300.299,2024/06/24 12:53:30.0009,5,689
300.546,2024/06/24 12:53:30.2479,5,689
300.549,2024/06/24 12:53:30.2509,3,687
301.285,2024/06/24 12:53:30.9869,5,689
301.288,2024/06/24 12:53:30.9899,3,679
301.531,2024/06/24 12:53:31.2329,5,689
301.778,2024/06/24 12:53:31.4799,5,689
302.024,2024/06/24 12:53:31.7259,5,682
302.027,2024/06/24 12:53:31.7289,3,700
302.27,2024/06/24 12:53:31.9719,5,682
302.516,2024/06/24 12:53:32.2179,5,682
302.762,2024/06/24 12:53:32.4639,5,682
302.766,2024/06/24 12:53:32.4679,3,695
303.008,2024/06/24 12:53:32.7099,5,682
303.255,2024/06/24 12:53:32.9569,5,682
303.502,2024/06/24 12:53:33.2039,5,682
303.504,2024/06/24 12:53:33.2059,3,682
303.747,2024/06/24 12:53:33.4489,5,682
303.994,2024/06/24 12:53:33.6959,5,674
303.997,2024/06/24 12:53:33.6989,3,711
304.24,2024/06/24 12:53:33.9419,5,674
304.486,2024/06/24 12:53:34.1879,5,674
304.733,2024/06/24 12:53:34.4349,5,674
304.736,2024/06/24 12:53:34.4379,3,721
304.979,2024/06/24 12:53:34.6809,5,666
305.475,2024/06/24 12:53:35.1769,3,693
305.964,2024/06/24 12:53:35.6659,5,666
306.211,2024/06/24 12:53:35.9129,5,666
306.214,2024/06/24 12:53:35.9159,3,707
306.456,2024/06/24 12:53:36.1579,5,666
306.702,2024/06/24 12:53:36.4039,5,666
306.949,2024/06/24 12:53:36.6509,5,666
307.195,2024/06/24 12:53:36.8969,5,666
307.198,2024/06/24 12:53:36.8999,3,703
307.441,2024/06/24 12:53:37.1429,5,666
307.444,2024/06/24 12:53:37.1459,3,672
307.688,2024/06/24 12:53:37.3899,5,666
307.934,2024/06/24 12:53:37.6359,5,674
308.18,2024/06/24 12:53:37.8819,5,674
308.183,2024/06/24 12:53:37.8849,3,691
308.427,2024/06/24 12:53:38.1289,5,674
308.673,2024/06/24 12:53:38.3749,5,674
308.919,2024/06/24 12:53:38.6209,5,682
308.922,2024/06/24 12:53:38.6239,3,681
309.659,2024/06/24 12:53:39.3609,5,682
309.661,2024/06/24 12:53:39.3629,3,668
310.154,2024/06/24 12:53:39.8559,3,687
310.397,2024/06/24 12:53:40.0989,5,689
310.643,2024/06/24 12:53:40.3449,5,688
310.889,2024/06/24 12:53:40.5909,5,689
310.892,2024/06/24 12:53:40.5939,3,695
311.136,2024/06/24 12:53:40.8379,5,689
311.382,2024/06/24 12:53:41.0839,5,689
311.628,2024/06/24 12:53:41.3299,5,689
311.631,2024/06/24 12:53:41.3329,3,680
311.875,2024/06/24 12:53:41.5769,5,689
312.124,2024/06/24 12:53:41.8259,3,686
312.614,2024/06/24 12:53:42.3159,5,689
312.86,2024/06/24 12:53:42.5619,5,689
312.863,2024/06/24 12:53:42.5649,3,658
313.106,2024/06/24 12:53:42.8079,5,689
313.353,2024/06/24 12:53:43.0549,5,689
313.599,2024/06/24 12:53:43.3009,5,689
313.602,2024/06/24 12:53:43.3039,3,665
313.844,2024/06/24 12:53:43.5459,5,689
314.091,2024/06/24 12:53:43.7929,5,697
314.337,2024/06/24 12:53:44.0389,5,697
314.34,2024/06/24 12:53:44.0419,3,683
314.583,2024/06/24 12:53:44.2849,5,697
314.83,2024/06/24 12:53:44.5319,5,697
315.076,2024/06/24 12:53:44.7779,5,689
315.079,2024/06/24 12:53:44.7809,3,717
315.322,2024/06/24 12:53:45.0239,5,689
315.569,2024/06/24 12:53:45.2709,5,689
315.572,2024/06/24 12:53:45.2739,3,692
315.815,2024/06/24 12:53:45.5169,5,689
316.061,2024/06/24 12:53:45.7629,5,689
316.308,2024/06/24 12:53:46.0099,5,689
316.311,2024/06/24 12:53:46.0129,3,661
316.554,2024/06/24 12:53:46.2559,5,689
316.8,2024/06/24 12:53:46.5019,5,689
317.047,2024/06/24 12:53:46.7489,5,689
317.05,2024/06/24 12:53:46.7519,3,637
317.293,2024/06/24 12:53:46.9949,5,689
317.538,2024/06/24 12:53:47.2399,5,689
317.541,2024/06/24 12:53:47.2429,3,645
317.785,2024/06/24 12:53:47.4869,5,689
318.031,2024/06/24 12:53:47.7329,5,689
318.277,2024/06/24 12:53:47.9789,5,689
318.28,2024/06/24 12:53:47.9819,3,646
318.524,2024/06/24 12:53:48.2259,5,689
318.77,2024/06/24 12:53:48.4719,5,689
318.773,2024/06/24 12:53:48.4749,3,643
319.016,2024/06/24 12:53:48.7179,5,689
319.263,2024/06/24 12:53:48.9649,5,689
319.509,2024/06/24 12:53:49.2109,5,689
319.512,2024/06/24 12:53:49.2139,3,646
319.756,2024/06/24 12:53:49.4579,5,689
320.002,2024/06/24 12:53:49.7039,5,682
320.498,2024/06/24 12:53:50.1999,3,666
320.741,2024/06/24 12:53:50.4429,5,682
321.236,2024/06/24 12:53:50.9379,3,677
321.482,2024/06/24 12:53:51.1839,3,671
321.972,2024/06/24 12:53:51.6739,5,674
322.218,2024/06/24 12:53:51.9199,5,674
322.221,2024/06/24 12:53:51.9229,3,656
322.464,2024/06/24 12:53:52.1659,5,674
